State_Name,District_Name,Crop_Year,Season,Crop
Gujarat,AHMADABAD,1997,Rabi       ,Gram
Gujarat,AHMADABAD,1997,Rabi       ,Jowar
Gujarat,AHMADABAD,1997,Rabi       ,Rapeseed &Mustard
Gujarat,AHMADABAD,1997,Rabi       ,Wheat
Gujarat,AHMADABAD,1998,Rabi       ,Gram
Gujarat,AHMADABAD,1998,Rabi       ,Jowar
Gujarat,AHMADABAD,1998,Rabi       ,Rapeseed &Mustard
Gujarat,AHMADABAD,1998,Rabi       ,Wheat
Gujarat,AHMADABAD,1999,Rabi       ,Gram
Gujarat,AHMADABAD,1999,Rabi       ,Jowar
Gujarat,AHMADABAD,1999,Rabi       ,Rapeseed &Mustard
Gujarat,AHMADABAD,1999,Rabi       ,Wheat
Gujarat,AHMADABAD,2000,Rabi       ,Gram
Gujarat,AHMADABAD,2000,Rabi       ,Jowar
Gujarat,AHMADABAD,2000,Rabi       ,Rapeseed &Mustard
Gujarat,AHMADABAD,2000,Rabi       ,Wheat
Gujarat,AHMADABAD,2001,Rabi       ,Gram
Gujarat,AHMADABAD,2001,Rabi       ,Jowar
Gujarat,AHMADABAD,2001,Rabi       ,Rapeseed &Mustard
Gujarat,AHMADABAD,2001,Rabi       ,Wheat
Gujarat,AHMADABAD,2002,Rabi       ,Gram
Gujarat,AHMADABAD,2002,Rabi       ,Jowar
Gujarat,AHMADABAD,2002,Rabi       ,Rapeseed &Mustard
Gujarat,AHMADABAD,2002,Rabi       ,Small millets
Gujarat,AHMADABAD,2002,Rabi       ,Wheat
Gujarat,AHMADABAD,2003,Rabi       ,Gram
Gujarat,AHMADABAD,2003,Rabi       ,Rapeseed &Mustard
Gujarat,AHMADABAD,2003,Rabi       ,Wheat
Gujarat,AHMADABAD,2004,Rabi       ,Gram
Gujarat,AHMADABAD,2004,Rabi       ,Rapeseed &Mustard
Gujarat,AHMADABAD,2004,Rabi       ,Wheat
Gujarat,AHMADABAD,2005,Rabi       ,Gram
Gujarat,AHMADABAD,2005,Rabi       ,Other Cereals & Millets
Gujarat,AHMADABAD,2005,Rabi       ,Rapeseed &Mustard
Gujarat,AHMADABAD,2005,Rabi       ,Wheat
Gujarat,AHMADABAD,2006,Rabi       ,Gram
Gujarat,AHMADABAD,2006,Rabi       ,Jowar
Gujarat,AHMADABAD,2006,Rabi       ,Other Cereals & Millets
Gujarat,AHMADABAD,2006,Rabi       ,Rapeseed &Mustard
Gujarat,AHMADABAD,2006,Rabi       ,Wheat
Gujarat,AHMADABAD,2007,Rabi       ,Gram
Gujarat,AHMADABAD,2007,Rabi       ,Other Cereals & Millets
Gujarat,AHMADABAD,2007,Rabi       ,Rapeseed &Mustard
Gujarat,AHMADABAD,2007,Rabi       ,Wheat
Gujarat,AHMADABAD,2008,Rabi       ,Gram
Gujarat,AHMADABAD,2008,Rabi       ,Rapeseed &Mustard
Gujarat,AHMADABAD,2008,Rabi       ,Wheat
Gujarat,AHMADABAD,2009,Rabi       ,Gram
Gujarat,AHMADABAD,2009,Rabi       ,Rapeseed &Mustard
Gujarat,AHMADABAD,2009,Rabi       ,Wheat
Gujarat,AHMADABAD,2010,Rabi       ,Gram
Gujarat,AHMADABAD,2010,Rabi       ,Jowar
Gujarat,AHMADABAD,2010,Rabi       ,Rapeseed &Mustard
Gujarat,AHMADABAD,2010,Rabi       ,Wheat
Gujarat,AHMADABAD,2011,Rabi       ,Gram
Gujarat,AHMADABAD,2011,Rabi       ,Jowar
Gujarat,AHMADABAD,2011,Rabi       ,Onion
Gujarat,AHMADABAD,2011,Rabi       ,Rapeseed &Mustard
Gujarat,AHMADABAD,2011,Rabi       ,Wheat
Gujarat,AHMADABAD,2012,Rabi       ,Gram
Gujarat,AHMADABAD,2012,Rabi       ,Rapeseed &Mustard
Gujarat,AHMADABAD,2012,Rabi       ,Tobacco
Gujarat,AHMADABAD,2012,Rabi       ,Wheat
Gujarat,AMRELI,1997,Rabi       ,Gram
Gujarat,AMRELI,1997,Rabi       ,Jowar
Gujarat,AMRELI,1997,Rabi       ,Rapeseed &Mustard
Gujarat,AMRELI,1997,Rabi       ,Wheat
Gujarat,AMRELI,1998,Rabi       ,Gram
Gujarat,AMRELI,1998,Rabi       ,Jowar
Gujarat,AMRELI,1998,Rabi       ,Rapeseed &Mustard
Gujarat,AMRELI,1998,Rabi       ,Wheat
Gujarat,AMRELI,1999,Rabi       ,Gram
Gujarat,AMRELI,1999,Rabi       ,Jowar
Gujarat,AMRELI,1999,Rabi       ,Rapeseed &Mustard
Gujarat,AMRELI,1999,Rabi       ,Wheat
Gujarat,AMRELI,2000,Rabi       ,Jowar
Gujarat,AMRELI,2000,Rabi       ,Rapeseed &Mustard
Gujarat,AMRELI,2000,Rabi       ,Wheat
Gujarat,AMRELI,2001,Rabi       ,Gram
Gujarat,AMRELI,2001,Rabi       ,Jowar
Gujarat,AMRELI,2001,Rabi       ,Rapeseed &Mustard
Gujarat,AMRELI,2001,Rabi       ,Wheat
Gujarat,AMRELI,2002,Rabi       ,Gram
Gujarat,AMRELI,2002,Rabi       ,Other  Rabi pulses
Gujarat,AMRELI,2002,Rabi       ,Rapeseed &Mustard
Gujarat,AMRELI,2002,Rabi       ,Wheat
Gujarat,AMRELI,2003,Rabi       ,Gram
Gujarat,AMRELI,2003,Rabi       ,Other  Rabi pulses
Gujarat,AMRELI,2003,Rabi       ,Rapeseed &Mustard
Gujarat,AMRELI,2003,Rabi       ,Small millets
Gujarat,AMRELI,2003,Rabi       ,Wheat
Gujarat,AMRELI,2004,Rabi       ,Gram
Gujarat,AMRELI,2004,Rabi       ,Rapeseed &Mustard
Gujarat,AMRELI,2004,Rabi       ,Wheat
Gujarat,AMRELI,2005,Rabi       ,Gram
Gujarat,AMRELI,2005,Rabi       ,Jowar
Gujarat,AMRELI,2005,Rabi       ,Rapeseed &Mustard
Gujarat,AMRELI,2005,Rabi       ,Wheat
Gujarat,AMRELI,2006,Rabi       ,Gram
Gujarat,AMRELI,2006,Rabi       ,Rapeseed &Mustard
Gujarat,AMRELI,2006,Rabi       ,Wheat
Gujarat,AMRELI,2007,Rabi       ,Gram
Gujarat,AMRELI,2007,Rabi       ,Rapeseed &Mustard
Gujarat,AMRELI,2007,Rabi       ,Wheat
Gujarat,AMRELI,2008,Rabi       ,Gram
Gujarat,AMRELI,2008,Rabi       ,Onion
Gujarat,AMRELI,2008,Rabi       ,Rapeseed &Mustard
Gujarat,AMRELI,2008,Rabi       ,Wheat
Gujarat,AMRELI,2009,Rabi       ,Gram
Gujarat,AMRELI,2009,Rabi       ,Jowar
Gujarat,AMRELI,2009,Rabi       ,Onion
Gujarat,AMRELI,2009,Rabi       ,Other Cereals & Millets
Gujarat,AMRELI,2009,Rabi       ,Rapeseed &Mustard
Gujarat,AMRELI,2009,Rabi       ,Wheat
Gujarat,AMRELI,2010,Rabi       ,Gram
Gujarat,AMRELI,2010,Rabi       ,Maize
Gujarat,AMRELI,2010,Rabi       ,Other Cereals & Millets
Gujarat,AMRELI,2010,Rabi       ,Rapeseed &Mustard
Gujarat,AMRELI,2010,Rabi       ,Wheat
Gujarat,AMRELI,2011,Rabi       ,Gram
Gujarat,AMRELI,2011,Rabi       ,Onion
Gujarat,AMRELI,2011,Rabi       ,Other Cereals & Millets
Gujarat,AMRELI,2011,Rabi       ,Wheat
Gujarat,AMRELI,2012,Rabi       ,Gram
Gujarat,AMRELI,2012,Rabi       ,Onion
Gujarat,AMRELI,2012,Rabi       ,Other Cereals & Millets
Gujarat,AMRELI,2012,Rabi       ,Wheat
Gujarat,ANAND,2003,Rabi       ,Gram
Gujarat,ANAND,2003,Rabi       ,Rapeseed &Mustard
Gujarat,ANAND,2003,Rabi       ,Wheat
Gujarat,ANAND,2004,Rabi       ,Gram
Gujarat,ANAND,2004,Rabi       ,Other Cereals & Millets
Gujarat,ANAND,2004,Rabi       ,Rapeseed &Mustard
Gujarat,ANAND,2004,Rabi       ,Wheat
Gujarat,ANAND,2005,Rabi       ,Gram
Gujarat,ANAND,2005,Rabi       ,Other  Rabi pulses
Gujarat,ANAND,2005,Rabi       ,Other Cereals & Millets
Gujarat,ANAND,2005,Rabi       ,Rapeseed &Mustard
Gujarat,ANAND,2005,Rabi       ,Wheat
Gujarat,ANAND,2006,Rabi       ,Gram
Gujarat,ANAND,2006,Rabi       ,Other  Rabi pulses
Gujarat,ANAND,2006,Rabi       ,Other Cereals & Millets
Gujarat,ANAND,2006,Rabi       ,Rapeseed &Mustard
Gujarat,ANAND,2006,Rabi       ,Wheat
Gujarat,ANAND,2007,Rabi       ,Gram
Gujarat,ANAND,2007,Rabi       ,Jowar
Gujarat,ANAND,2007,Rabi       ,Other  Rabi pulses
Gujarat,ANAND,2007,Rabi       ,Rapeseed &Mustard
Gujarat,ANAND,2007,Rabi       ,Wheat
Gujarat,ANAND,2008,Rabi       ,Gram
Gujarat,ANAND,2008,Rabi       ,Onion
Gujarat,ANAND,2008,Rabi       ,Other  Rabi pulses
Gujarat,ANAND,2008,Rabi       ,Rapeseed &Mustard
Gujarat,ANAND,2008,Rabi       ,Wheat
Gujarat,ANAND,2009,Rabi       ,Gram
Gujarat,ANAND,2009,Rabi       ,Onion
Gujarat,ANAND,2009,Rabi       ,Other  Rabi pulses
Gujarat,ANAND,2009,Rabi       ,Other Cereals & Millets
Gujarat,ANAND,2009,Rabi       ,Rapeseed &Mustard
Gujarat,ANAND,2009,Rabi       ,Tobacco
Gujarat,ANAND,2009,Rabi       ,Wheat
Gujarat,ANAND,2010,Rabi       ,Gram
Gujarat,ANAND,2010,Rabi       ,Jowar
Gujarat,ANAND,2010,Rabi       ,Maize
Gujarat,ANAND,2010,Rabi       ,Other Cereals & Millets
Gujarat,ANAND,2010,Rabi       ,Rapeseed &Mustard
Gujarat,ANAND,2010,Rabi       ,Tobacco
Gujarat,ANAND,2010,Rabi       ,Wheat
Gujarat,ANAND,2011,Rabi       ,Gram
Gujarat,ANAND,2011,Rabi       ,Maize
Gujarat,ANAND,2011,Rabi       ,Onion
Gujarat,ANAND,2011,Rabi       ,Other Cereals & Millets
Gujarat,ANAND,2011,Rabi       ,Rapeseed &Mustard
Gujarat,ANAND,2011,Rabi       ,Tobacco
Gujarat,ANAND,2011,Rabi       ,Wheat
Gujarat,ANAND,2012,Rabi       ,Gram
Gujarat,ANAND,2012,Rabi       ,Onion
Gujarat,ANAND,2012,Rabi       ,Other Cereals & Millets
Gujarat,ANAND,2012,Rabi       ,Rapeseed &Mustard
Gujarat,ANAND,2012,Rabi       ,Tobacco
Gujarat,ANAND,2012,Rabi       ,Wheat
Gujarat,BANAS KANTHA,1997,Rabi       ,Gram
Gujarat,BANAS KANTHA,1997,Rabi       ,Rapeseed &Mustard
Gujarat,BANAS KANTHA,1997,Rabi       ,Wheat
Gujarat,BANAS KANTHA,1998,Rabi       ,Gram
Gujarat,BANAS KANTHA,1998,Rabi       ,Rapeseed &Mustard
Gujarat,BANAS KANTHA,1998,Rabi       ,Wheat
Gujarat,BANAS KANTHA,1999,Rabi       ,Gram
Gujarat,BANAS KANTHA,1999,Rabi       ,Rapeseed &Mustard
Gujarat,BANAS KANTHA,1999,Rabi       ,Wheat
Gujarat,BANAS KANTHA,2000,Rabi       ,Gram
Gujarat,BANAS KANTHA,2000,Rabi       ,Rapeseed &Mustard
Gujarat,BANAS KANTHA,2000,Rabi       ,Wheat
Gujarat,BANAS KANTHA,2001,Rabi       ,Gram
Gujarat,BANAS KANTHA,2001,Rabi       ,Other  Rabi pulses
Gujarat,BANAS KANTHA,2001,Rabi       ,Rapeseed &Mustard
Gujarat,BANAS KANTHA,2001,Rabi       ,Wheat
Gujarat,BANAS KANTHA,2002,Rabi       ,Gram
Gujarat,BANAS KANTHA,2002,Rabi       ,Rapeseed &Mustard
Gujarat,BANAS KANTHA,2002,Rabi       ,Wheat
Gujarat,BANAS KANTHA,2003,Rabi       ,Gram
Gujarat,BANAS KANTHA,2003,Rabi       ,Rapeseed &Mustard
Gujarat,BANAS KANTHA,2003,Rabi       ,Wheat
Gujarat,BANAS KANTHA,2004,Rabi       ,Gram
Gujarat,BANAS KANTHA,2004,Rabi       ,Other Cereals & Millets
Gujarat,BANAS KANTHA,2004,Rabi       ,Rapeseed &Mustard
Gujarat,BANAS KANTHA,2004,Rabi       ,Small millets
Gujarat,BANAS KANTHA,2004,Rabi       ,Wheat
Gujarat,BANAS KANTHA,2005,Rabi       ,Gram
Gujarat,BANAS KANTHA,2005,Rabi       ,Other Cereals & Millets
Gujarat,BANAS KANTHA,2005,Rabi       ,Rapeseed &Mustard
Gujarat,BANAS KANTHA,2005,Rabi       ,Wheat
Gujarat,BANAS KANTHA,2006,Rabi       ,Gram
Gujarat,BANAS KANTHA,2006,Rabi       ,Other  Rabi pulses
Gujarat,BANAS KANTHA,2006,Rabi       ,Other Cereals & Millets
Gujarat,BANAS KANTHA,2006,Rabi       ,Rapeseed &Mustard
Gujarat,BANAS KANTHA,2006,Rabi       ,Wheat
Gujarat,BANAS KANTHA,2007,Rabi       ,Gram
Gujarat,BANAS KANTHA,2007,Rabi       ,Other Cereals & Millets
Gujarat,BANAS KANTHA,2007,Rabi       ,Rapeseed &Mustard
Gujarat,BANAS KANTHA,2007,Rabi       ,Wheat
Gujarat,BANAS KANTHA,2008,Rabi       ,Gram
Gujarat,BANAS KANTHA,2008,Rabi       ,Onion
Gujarat,BANAS KANTHA,2008,Rabi       ,Other Cereals & Millets
Gujarat,BANAS KANTHA,2008,Rabi       ,Rapeseed &Mustard
Gujarat,BANAS KANTHA,2008,Rabi       ,Wheat
Gujarat,BANAS KANTHA,2009,Rabi       ,Gram
Gujarat,BANAS KANTHA,2009,Rabi       ,Jowar
Gujarat,BANAS KANTHA,2009,Rabi       ,Onion
Gujarat,BANAS KANTHA,2009,Rabi       ,Other Cereals & Millets
Gujarat,BANAS KANTHA,2009,Rabi       ,Rapeseed &Mustard
Gujarat,BANAS KANTHA,2009,Rabi       ,Tobacco
Gujarat,BANAS KANTHA,2009,Rabi       ,Wheat
Gujarat,BANAS KANTHA,2010,Rabi       ,Gram
Gujarat,BANAS KANTHA,2010,Rabi       ,Maize
Gujarat,BANAS KANTHA,2010,Rabi       ,Other Cereals & Millets
Gujarat,BANAS KANTHA,2010,Rabi       ,Rapeseed &Mustard
Gujarat,BANAS KANTHA,2010,Rabi       ,Tobacco
Gujarat,BANAS KANTHA,2010,Rabi       ,Wheat
Gujarat,BANAS KANTHA,2011,Rabi       ,Gram
Gujarat,BANAS KANTHA,2011,Rabi       ,Jowar
Gujarat,BANAS KANTHA,2011,Rabi       ,Maize
Gujarat,BANAS KANTHA,2011,Rabi       ,Onion
Gujarat,BANAS KANTHA,2011,Rabi       ,Other  Rabi pulses
Gujarat,BANAS KANTHA,2011,Rabi       ,Other Cereals & Millets
Gujarat,BANAS KANTHA,2011,Rabi       ,Rapeseed &Mustard
Gujarat,BANAS KANTHA,2011,Rabi       ,Tobacco
Gujarat,BANAS KANTHA,2011,Rabi       ,Wheat
Gujarat,BANAS KANTHA,2012,Rabi       ,Gram
Gujarat,BANAS KANTHA,2012,Rabi       ,Maize
Gujarat,BANAS KANTHA,2012,Rabi       ,Other Cereals & Millets
Gujarat,BANAS KANTHA,2012,Rabi       ,Rapeseed &Mustard
Gujarat,BANAS KANTHA,2012,Rabi       ,Tobacco
Gujarat,BANAS KANTHA,2012,Rabi       ,Wheat
Gujarat,BHARUCH,1997,Rabi       ,Gram
Gujarat,BHARUCH,1997,Rabi       ,Jowar
Gujarat,BHARUCH,1997,Rabi       ,Other  Rabi pulses
Gujarat,BHARUCH,1997,Rabi       ,Rapeseed &Mustard
Gujarat,BHARUCH,1997,Rabi       ,Wheat
Gujarat,BHARUCH,1998,Rabi       ,Gram
Gujarat,BHARUCH,1998,Rabi       ,Jowar
Gujarat,BHARUCH,1998,Rabi       ,Other  Rabi pulses
Gujarat,BHARUCH,1998,Rabi       ,Rapeseed &Mustard
Gujarat,BHARUCH,1998,Rabi       ,Wheat
Gujarat,BHARUCH,1999,Rabi       ,Gram
Gujarat,BHARUCH,1999,Rabi       ,Jowar
Gujarat,BHARUCH,1999,Rabi       ,Other  Rabi pulses
Gujarat,BHARUCH,1999,Rabi       ,Rapeseed &Mustard
Gujarat,BHARUCH,1999,Rabi       ,Wheat
Gujarat,BHARUCH,2000,Rabi       ,Gram
Gujarat,BHARUCH,2000,Rabi       ,Jowar
Gujarat,BHARUCH,2000,Rabi       ,Wheat
Gujarat,BHARUCH,2001,Rabi       ,Gram
Gujarat,BHARUCH,2001,Rabi       ,Jowar
Gujarat,BHARUCH,2001,Rabi       ,Rapeseed &Mustard
Gujarat,BHARUCH,2001,Rabi       ,Wheat
Gujarat,BHARUCH,2002,Rabi       ,Gram
Gujarat,BHARUCH,2002,Rabi       ,Jowar
Gujarat,BHARUCH,2002,Rabi       ,Other  Rabi pulses
Gujarat,BHARUCH,2002,Rabi       ,Rapeseed &Mustard
Gujarat,BHARUCH,2002,Rabi       ,Wheat
Gujarat,BHARUCH,2003,Rabi       ,Gram
Gujarat,BHARUCH,2003,Rabi       ,Jowar
Gujarat,BHARUCH,2003,Rabi       ,Other  Rabi pulses
Gujarat,BHARUCH,2003,Rabi       ,Rapeseed &Mustard
Gujarat,BHARUCH,2003,Rabi       ,Small millets
Gujarat,BHARUCH,2003,Rabi       ,Wheat
Gujarat,BHARUCH,2004,Rabi       ,Gram
Gujarat,BHARUCH,2004,Rabi       ,Jowar
Gujarat,BHARUCH,2004,Rabi       ,Other  Rabi pulses
Gujarat,BHARUCH,2004,Rabi       ,Rapeseed &Mustard
Gujarat,BHARUCH,2004,Rabi       ,Wheat
Gujarat,BHARUCH,2005,Rabi       ,Gram
Gujarat,BHARUCH,2005,Rabi       ,Jowar
Gujarat,BHARUCH,2005,Rabi       ,Other  Rabi pulses
Gujarat,BHARUCH,2005,Rabi       ,Rapeseed &Mustard
Gujarat,BHARUCH,2005,Rabi       ,Wheat
Gujarat,BHARUCH,2006,Rabi       ,Gram
Gujarat,BHARUCH,2006,Rabi       ,Jowar
Gujarat,BHARUCH,2006,Rabi       ,Other  Rabi pulses
Gujarat,BHARUCH,2006,Rabi       ,Other Cereals & Millets
Gujarat,BHARUCH,2006,Rabi       ,Rapeseed &Mustard
Gujarat,BHARUCH,2006,Rabi       ,Wheat
Gujarat,BHARUCH,2007,Rabi       ,Gram
Gujarat,BHARUCH,2007,Rabi       ,Jowar
Gujarat,BHARUCH,2007,Rabi       ,Other  Rabi pulses
Gujarat,BHARUCH,2007,Rabi       ,Other Cereals & Millets
Gujarat,BHARUCH,2007,Rabi       ,Rapeseed &Mustard
Gujarat,BHARUCH,2007,Rabi       ,Wheat
Gujarat,BHARUCH,2008,Rabi       ,Gram
Gujarat,BHARUCH,2008,Rabi       ,Jowar
Gujarat,BHARUCH,2008,Rabi       ,Other  Rabi pulses
Gujarat,BHARUCH,2008,Rabi       ,Rapeseed &Mustard
Gujarat,BHARUCH,2008,Rabi       ,Wheat
Gujarat,BHARUCH,2009,Rabi       ,Gram
Gujarat,BHARUCH,2009,Rabi       ,Jowar
Gujarat,BHARUCH,2009,Rabi       ,Other  Rabi pulses
Gujarat,BHARUCH,2009,Rabi       ,Wheat
Gujarat,BHARUCH,2010,Rabi       ,Gram
Gujarat,BHARUCH,2010,Rabi       ,Jowar
Gujarat,BHARUCH,2010,Rabi       ,Maize
Gujarat,BHARUCH,2010,Rabi       ,Other  Rabi pulses
Gujarat,BHARUCH,2010,Rabi       ,Wheat
Gujarat,BHARUCH,2011,Rabi       ,Gram
Gujarat,BHARUCH,2011,Rabi       ,Jowar
Gujarat,BHARUCH,2011,Rabi       ,Maize
Gujarat,BHARUCH,2011,Rabi       ,Other  Rabi pulses
Gujarat,BHARUCH,2011,Rabi       ,Other Cereals & Millets
Gujarat,BHARUCH,2011,Rabi       ,Rapeseed &Mustard
Gujarat,BHARUCH,2011,Rabi       ,Wheat
Gujarat,BHARUCH,2012,Rabi       ,Gram
Gujarat,BHARUCH,2012,Rabi       ,Jowar
Gujarat,BHARUCH,2012,Rabi       ,Onion
Gujarat,BHARUCH,2012,Rabi       ,Other  Rabi pulses
Gujarat,BHARUCH,2012,Rabi       ,Other Cereals & Millets
Gujarat,BHARUCH,2012,Rabi       ,Wheat
Gujarat,BHAVNAGAR,1997,Rabi       ,Gram
Gujarat,BHAVNAGAR,1997,Rabi       ,Jowar
Gujarat,BHAVNAGAR,1997,Rabi       ,Rapeseed &Mustard
Gujarat,BHAVNAGAR,1997,Rabi       ,Wheat
Gujarat,BHAVNAGAR,1998,Rabi       ,Gram
Gujarat,BHAVNAGAR,1998,Rabi       ,Rapeseed &Mustard
Gujarat,BHAVNAGAR,1998,Rabi       ,Wheat
Gujarat,BHAVNAGAR,1999,Rabi       ,Gram
Gujarat,BHAVNAGAR,1999,Rabi       ,Rapeseed &Mustard
Gujarat,BHAVNAGAR,1999,Rabi       ,Wheat
Gujarat,BHAVNAGAR,2000,Rabi       ,Wheat
Gujarat,BHAVNAGAR,2001,Rabi       ,Gram
Gujarat,BHAVNAGAR,2001,Rabi       ,Rapeseed &Mustard
Gujarat,BHAVNAGAR,2001,Rabi       ,Wheat
Gujarat,BHAVNAGAR,2002,Rabi       ,Gram
Gujarat,BHAVNAGAR,2002,Rabi       ,Rapeseed &Mustard
Gujarat,BHAVNAGAR,2002,Rabi       ,Small millets
Gujarat,BHAVNAGAR,2002,Rabi       ,Wheat
Gujarat,BHAVNAGAR,2003,Rabi       ,Gram
Gujarat,BHAVNAGAR,2003,Rabi       ,Rapeseed &Mustard
Gujarat,BHAVNAGAR,2003,Rabi       ,Small millets
Gujarat,BHAVNAGAR,2003,Rabi       ,Wheat
Gujarat,BHAVNAGAR,2004,Rabi       ,Gram
Gujarat,BHAVNAGAR,2004,Rabi       ,Other Cereals & Millets
Gujarat,BHAVNAGAR,2004,Rabi       ,Rapeseed &Mustard
Gujarat,BHAVNAGAR,2004,Rabi       ,Wheat
Gujarat,BHAVNAGAR,2005,Rabi       ,Gram
Gujarat,BHAVNAGAR,2005,Rabi       ,Rapeseed &Mustard
Gujarat,BHAVNAGAR,2005,Rabi       ,Wheat
Gujarat,BHAVNAGAR,2006,Rabi       ,Gram
Gujarat,BHAVNAGAR,2006,Rabi       ,Other  Rabi pulses
Gujarat,BHAVNAGAR,2006,Rabi       ,Rapeseed &Mustard
Gujarat,BHAVNAGAR,2006,Rabi       ,Wheat
Gujarat,BHAVNAGAR,2007,Rabi       ,Gram
Gujarat,BHAVNAGAR,2007,Rabi       ,Jowar
Gujarat,BHAVNAGAR,2007,Rabi       ,Rapeseed &Mustard
Gujarat,BHAVNAGAR,2007,Rabi       ,Wheat
Gujarat,BHAVNAGAR,2008,Rabi       ,Gram
Gujarat,BHAVNAGAR,2008,Rabi       ,Jowar
Gujarat,BHAVNAGAR,2008,Rabi       ,Onion
Gujarat,BHAVNAGAR,2008,Rabi       ,Rapeseed &Mustard
Gujarat,BHAVNAGAR,2008,Rabi       ,Wheat
Gujarat,BHAVNAGAR,2009,Rabi       ,Gram
Gujarat,BHAVNAGAR,2009,Rabi       ,Onion
Gujarat,BHAVNAGAR,2009,Rabi       ,Rapeseed &Mustard
Gujarat,BHAVNAGAR,2009,Rabi       ,Wheat
Gujarat,BHAVNAGAR,2010,Rabi       ,Gram
Gujarat,BHAVNAGAR,2010,Rabi       ,Jowar
Gujarat,BHAVNAGAR,2010,Rabi       ,Rapeseed &Mustard
Gujarat,BHAVNAGAR,2010,Rabi       ,Wheat
Gujarat,BHAVNAGAR,2011,Rabi       ,Gram
Gujarat,BHAVNAGAR,2011,Rabi       ,Jowar
Gujarat,BHAVNAGAR,2011,Rabi       ,Onion
Gujarat,BHAVNAGAR,2011,Rabi       ,Other  Rabi pulses
Gujarat,BHAVNAGAR,2011,Rabi       ,Rapeseed &Mustard
Gujarat,BHAVNAGAR,2011,Rabi       ,Wheat
Gujarat,BHAVNAGAR,2012,Rabi       ,Gram
Gujarat,BHAVNAGAR,2012,Rabi       ,Onion
Gujarat,BHAVNAGAR,2012,Rabi       ,Wheat
Gujarat,DANG,1997,Rabi       ,Gram
Gujarat,DANG,1997,Rabi       ,Wheat
Gujarat,DANG,1998,Rabi       ,Gram
Gujarat,DANG,1998,Rabi       ,Wheat
Gujarat,DANG,1999,Rabi       ,Gram
Gujarat,DANG,1999,Rabi       ,Other  Rabi pulses
Gujarat,DANG,1999,Rabi       ,Wheat
Gujarat,DANG,2000,Rabi       ,Gram
Gujarat,DANG,2000,Rabi       ,Wheat
Gujarat,DANG,2001,Rabi       ,Gram
Gujarat,DANG,2001,Rabi       ,Wheat
Gujarat,DANG,2002,Rabi       ,Gram
Gujarat,DANG,2002,Rabi       ,Wheat
Gujarat,DANG,2004,Rabi       ,Gram
Gujarat,DANG,2004,Rabi       ,Other  Rabi pulses
Gujarat,DANG,2004,Rabi       ,Wheat
Gujarat,DANG,2005,Rabi       ,Gram
Gujarat,DANG,2005,Rabi       ,Wheat
Gujarat,DANG,2006,Rabi       ,Gram
Gujarat,DANG,2006,Rabi       ,Other  Rabi pulses
Gujarat,DANG,2006,Rabi       ,Wheat
Gujarat,DANG,2007,Rabi       ,Gram
Gujarat,DANG,2007,Rabi       ,Other  Rabi pulses
Gujarat,DANG,2007,Rabi       ,Wheat
Gujarat,DANG,2008,Rabi       ,Gram
Gujarat,DANG,2008,Rabi       ,Onion
Gujarat,DANG,2008,Rabi       ,Other  Rabi pulses
Gujarat,DANG,2008,Rabi       ,Wheat
Gujarat,DANG,2009,Rabi       ,Gram
Gujarat,DANG,2009,Rabi       ,Onion
Gujarat,DANG,2009,Rabi       ,Other  Rabi pulses
Gujarat,DANG,2009,Rabi       ,Wheat
Gujarat,DANG,2010,Rabi       ,Gram
Gujarat,DANG,2010,Rabi       ,Other  Rabi pulses
Gujarat,DANG,2010,Rabi       ,Wheat
Gujarat,DANG,2011,Rabi       ,Gram
Gujarat,DANG,2011,Rabi       ,Onion
Gujarat,DANG,2011,Rabi       ,Other  Rabi pulses
Gujarat,DANG,2011,Rabi       ,Wheat
Gujarat,DANG,2012,Rabi       ,Gram
Gujarat,DANG,2012,Rabi       ,Jowar
Gujarat,DANG,2012,Rabi       ,Onion
Gujarat,DANG,2012,Rabi       ,Other  Rabi pulses
Gujarat,DANG,2012,Rabi       ,Other Cereals & Millets
Gujarat,DANG,2012,Rabi       ,Wheat
Gujarat,DOHAD,2003,Rabi       ,Gram
Gujarat,DOHAD,2003,Rabi       ,Jowar
Gujarat,DOHAD,2003,Rabi       ,Other  Rabi pulses
Gujarat,DOHAD,2003,Rabi       ,Rapeseed &Mustard
Gujarat,DOHAD,2003,Rabi       ,Small millets
Gujarat,DOHAD,2003,Rabi       ,Wheat
Gujarat,DOHAD,2004,Rabi       ,Gram
Gujarat,DOHAD,2004,Rabi       ,Jowar
Gujarat,DOHAD,2004,Rabi       ,Other  Rabi pulses
Gujarat,DOHAD,2004,Rabi       ,Other Cereals & Millets
Gujarat,DOHAD,2004,Rabi       ,Rapeseed &Mustard
Gujarat,DOHAD,2004,Rabi       ,Wheat
Gujarat,DOHAD,2005,Rabi       ,Gram
Gujarat,DOHAD,2005,Rabi       ,Jowar
Gujarat,DOHAD,2005,Rabi       ,Other  Rabi pulses
Gujarat,DOHAD,2005,Rabi       ,Other Cereals & Millets
Gujarat,DOHAD,2005,Rabi       ,Rapeseed &Mustard
Gujarat,DOHAD,2005,Rabi       ,Wheat
Gujarat,DOHAD,2006,Rabi       ,Gram
Gujarat,DOHAD,2006,Rabi       ,Other Cereals & Millets
Gujarat,DOHAD,2006,Rabi       ,Rapeseed &Mustard
Gujarat,DOHAD,2006,Rabi       ,Wheat
Gujarat,DOHAD,2007,Rabi       ,Gram
Gujarat,DOHAD,2007,Rabi       ,Other  Rabi pulses
Gujarat,DOHAD,2007,Rabi       ,Other Cereals & Millets
Gujarat,DOHAD,2007,Rabi       ,Rapeseed &Mustard
Gujarat,DOHAD,2007,Rabi       ,Wheat
Gujarat,DOHAD,2008,Rabi       ,Gram
Gujarat,DOHAD,2008,Rabi       ,Onion
Gujarat,DOHAD,2008,Rabi       ,Other  Rabi pulses
Gujarat,DOHAD,2008,Rabi       ,Other Cereals & Millets
Gujarat,DOHAD,2008,Rabi       ,Rapeseed &Mustard
Gujarat,DOHAD,2008,Rabi       ,Wheat
Gujarat,DOHAD,2009,Rabi       ,Gram
Gujarat,DOHAD,2009,Rabi       ,Onion
Gujarat,DOHAD,2009,Rabi       ,Other  Rabi pulses
Gujarat,DOHAD,2009,Rabi       ,Rapeseed &Mustard
Gujarat,DOHAD,2009,Rabi       ,Wheat
Gujarat,DOHAD,2010,Rabi       ,Gram
Gujarat,DOHAD,2010,Rabi       ,Maize
Gujarat,DOHAD,2010,Rabi       ,Other  Rabi pulses
Gujarat,DOHAD,2010,Rabi       ,Other Cereals & Millets
Gujarat,DOHAD,2010,Rabi       ,Rapeseed &Mustard
Gujarat,DOHAD,2010,Rabi       ,Wheat
Gujarat,DOHAD,2011,Rabi       ,Gram
Gujarat,DOHAD,2011,Rabi       ,Maize
Gujarat,DOHAD,2011,Rabi       ,Onion
Gujarat,DOHAD,2011,Rabi       ,Other  Rabi pulses
Gujarat,DOHAD,2011,Rabi       ,Other Cereals & Millets
Gujarat,DOHAD,2011,Rabi       ,Rapeseed &Mustard
Gujarat,DOHAD,2011,Rabi       ,Wheat
Gujarat,DOHAD,2012,Rabi       ,Gram
Gujarat,DOHAD,2012,Rabi       ,Maize
Gujarat,DOHAD,2012,Rabi       ,Onion
Gujarat,DOHAD,2012,Rabi       ,Other  Rabi pulses
Gujarat,DOHAD,2012,Rabi       ,Rapeseed &Mustard
Gujarat,DOHAD,2012,Rabi       ,Wheat
Gujarat,GANDHINAGAR,1997,Rabi       ,Rapeseed &Mustard
Gujarat,GANDHINAGAR,1997,Rabi       ,Wheat
Gujarat,GANDHINAGAR,1998,Rabi       ,Rapeseed &Mustard
Gujarat,GANDHINAGAR,1998,Rabi       ,Wheat
Gujarat,GANDHINAGAR,1999,Rabi       ,Rapeseed &Mustard
Gujarat,GANDHINAGAR,1999,Rabi       ,Wheat
Gujarat,GANDHINAGAR,2000,Rabi       ,Rapeseed &Mustard
Gujarat,GANDHINAGAR,2000,Rabi       ,Wheat
Gujarat,GANDHINAGAR,2001,Rabi       ,Rapeseed &Mustard
Gujarat,GANDHINAGAR,2001,Rabi       ,Wheat
Gujarat,GANDHINAGAR,2002,Rabi       ,Rapeseed &Mustard
Gujarat,GANDHINAGAR,2002,Rabi       ,Wheat
Gujarat,GANDHINAGAR,2003,Rabi       ,Gram
Gujarat,GANDHINAGAR,2003,Rabi       ,Rapeseed &Mustard
Gujarat,GANDHINAGAR,2003,Rabi       ,Small millets
Gujarat,GANDHINAGAR,2003,Rabi       ,Wheat
Gujarat,GANDHINAGAR,2004,Rabi       ,Gram
Gujarat,GANDHINAGAR,2004,Rabi       ,Rapeseed &Mustard
Gujarat,GANDHINAGAR,2004,Rabi       ,Wheat
Gujarat,GANDHINAGAR,2005,Rabi       ,Gram
Gujarat,GANDHINAGAR,2005,Rabi       ,Rapeseed &Mustard
Gujarat,GANDHINAGAR,2005,Rabi       ,Wheat
Gujarat,GANDHINAGAR,2006,Rabi       ,Gram
Gujarat,GANDHINAGAR,2006,Rabi       ,Rapeseed &Mustard
Gujarat,GANDHINAGAR,2006,Rabi       ,Wheat
Gujarat,GANDHINAGAR,2007,Rabi       ,Gram
Gujarat,GANDHINAGAR,2007,Rabi       ,Rapeseed &Mustard
Gujarat,GANDHINAGAR,2007,Rabi       ,Wheat
Gujarat,GANDHINAGAR,2008,Rabi       ,Gram
Gujarat,GANDHINAGAR,2008,Rabi       ,Onion
Gujarat,GANDHINAGAR,2008,Rabi       ,Rapeseed &Mustard
Gujarat,GANDHINAGAR,2008,Rabi       ,Wheat
Gujarat,GANDHINAGAR,2009,Rabi       ,Rapeseed &Mustard
Gujarat,GANDHINAGAR,2009,Rabi       ,Wheat
Gujarat,GANDHINAGAR,2010,Rabi       ,Gram
Gujarat,GANDHINAGAR,2010,Rabi       ,Jowar
Gujarat,GANDHINAGAR,2010,Rabi       ,Maize
Gujarat,GANDHINAGAR,2010,Rabi       ,Other Cereals & Millets
Gujarat,GANDHINAGAR,2010,Rabi       ,Rapeseed &Mustard
Gujarat,GANDHINAGAR,2010,Rabi       ,Tobacco
Gujarat,GANDHINAGAR,2010,Rabi       ,Wheat
Gujarat,GANDHINAGAR,2011,Rabi       ,Jowar
Gujarat,GANDHINAGAR,2011,Rabi       ,Rapeseed &Mustard
Gujarat,GANDHINAGAR,2011,Rabi       ,Tobacco
Gujarat,GANDHINAGAR,2011,Rabi       ,Wheat
Gujarat,GANDHINAGAR,2012,Rabi       ,Other Cereals & Millets
Gujarat,GANDHINAGAR,2012,Rabi       ,Rapeseed &Mustard
Gujarat,GANDHINAGAR,2012,Rabi       ,Tobacco
Gujarat,GANDHINAGAR,2012,Rabi       ,Wheat
Gujarat,JAMNAGAR,1997,Rabi       ,Gram
Gujarat,JAMNAGAR,1997,Rabi       ,Jowar
Gujarat,JAMNAGAR,1997,Rabi       ,Rapeseed &Mustard
Gujarat,JAMNAGAR,1997,Rabi       ,Wheat
Gujarat,JAMNAGAR,1998,Rabi       ,Gram
Gujarat,JAMNAGAR,1998,Rabi       ,Jowar
Gujarat,JAMNAGAR,1998,Rabi       ,Rapeseed &Mustard
Gujarat,JAMNAGAR,1998,Rabi       ,Wheat
Gujarat,JAMNAGAR,1999,Rabi       ,Gram
Gujarat,JAMNAGAR,1999,Rabi       ,Jowar
Gujarat,JAMNAGAR,1999,Rabi       ,Rapeseed &Mustard
Gujarat,JAMNAGAR,1999,Rabi       ,Wheat
Gujarat,JAMNAGAR,2000,Rabi       ,Gram
Gujarat,JAMNAGAR,2000,Rabi       ,Jowar
Gujarat,JAMNAGAR,2000,Rabi       ,Rapeseed &Mustard
Gujarat,JAMNAGAR,2000,Rabi       ,Wheat
Gujarat,JAMNAGAR,2001,Rabi       ,Gram
Gujarat,JAMNAGAR,2001,Rabi       ,Jowar
Gujarat,JAMNAGAR,2001,Rabi       ,Rapeseed &Mustard
Gujarat,JAMNAGAR,2001,Rabi       ,Wheat
Gujarat,JAMNAGAR,2002,Rabi       ,Gram
Gujarat,JAMNAGAR,2002,Rabi       ,Jowar
Gujarat,JAMNAGAR,2002,Rabi       ,Wheat
Gujarat,JAMNAGAR,2003,Rabi       ,Gram
Gujarat,JAMNAGAR,2003,Rabi       ,Jowar
Gujarat,JAMNAGAR,2003,Rabi       ,Other  Rabi pulses
Gujarat,JAMNAGAR,2003,Rabi       ,Rapeseed &Mustard
Gujarat,JAMNAGAR,2003,Rabi       ,Wheat
Gujarat,JAMNAGAR,2004,Rabi       ,Gram
Gujarat,JAMNAGAR,2004,Rabi       ,Jowar
Gujarat,JAMNAGAR,2004,Rabi       ,Other  Rabi pulses
Gujarat,JAMNAGAR,2004,Rabi       ,Rapeseed &Mustard
Gujarat,JAMNAGAR,2004,Rabi       ,Wheat
Gujarat,JAMNAGAR,2005,Rabi       ,Gram
Gujarat,JAMNAGAR,2005,Rabi       ,Jowar
Gujarat,JAMNAGAR,2005,Rabi       ,Rapeseed &Mustard
Gujarat,JAMNAGAR,2005,Rabi       ,Wheat
Gujarat,JAMNAGAR,2006,Rabi       ,Gram
Gujarat,JAMNAGAR,2006,Rabi       ,Other  Rabi pulses
Gujarat,JAMNAGAR,2006,Rabi       ,Rapeseed &Mustard
Gujarat,JAMNAGAR,2006,Rabi       ,Wheat
Gujarat,JAMNAGAR,2007,Rabi       ,Gram
Gujarat,JAMNAGAR,2007,Rabi       ,Other  Rabi pulses
Gujarat,JAMNAGAR,2007,Rabi       ,Rapeseed &Mustard
Gujarat,JAMNAGAR,2007,Rabi       ,Wheat
Gujarat,JAMNAGAR,2008,Rabi       ,Gram
Gujarat,JAMNAGAR,2008,Rabi       ,Jowar
Gujarat,JAMNAGAR,2008,Rabi       ,Onion
Gujarat,JAMNAGAR,2008,Rabi       ,Other  Rabi pulses
Gujarat,JAMNAGAR,2008,Rabi       ,Rapeseed &Mustard
Gujarat,JAMNAGAR,2008,Rabi       ,Wheat
Gujarat,JAMNAGAR,2009,Rabi       ,Gram
Gujarat,JAMNAGAR,2009,Rabi       ,Jowar
Gujarat,JAMNAGAR,2009,Rabi       ,Onion
Gujarat,JAMNAGAR,2009,Rabi       ,Rapeseed &Mustard
Gujarat,JAMNAGAR,2009,Rabi       ,Wheat
Gujarat,JAMNAGAR,2010,Rabi       ,Gram
Gujarat,JAMNAGAR,2010,Rabi       ,Rapeseed &Mustard
Gujarat,JAMNAGAR,2010,Rabi       ,Wheat
Gujarat,JAMNAGAR,2011,Rabi       ,Gram
Gujarat,JAMNAGAR,2011,Rabi       ,Onion
Gujarat,JAMNAGAR,2011,Rabi       ,Other  Rabi pulses
Gujarat,JAMNAGAR,2011,Rabi       ,Other Cereals & Millets
Gujarat,JAMNAGAR,2011,Rabi       ,Rapeseed &Mustard
Gujarat,JAMNAGAR,2011,Rabi       ,Wheat
Gujarat,JAMNAGAR,2012,Rabi       ,Gram
Gujarat,JAMNAGAR,2012,Rabi       ,Onion
Gujarat,JAMNAGAR,2012,Rabi       ,Other Cereals & Millets
Gujarat,JAMNAGAR,2012,Rabi       ,Rapeseed &Mustard
Gujarat,JAMNAGAR,2012,Rabi       ,Wheat
Gujarat,JUNAGADH,1997,Rabi       ,Gram
Gujarat,JUNAGADH,1997,Rabi       ,Jowar
Gujarat,JUNAGADH,1997,Rabi       ,Rapeseed &Mustard
Gujarat,JUNAGADH,1997,Rabi       ,Wheat
Gujarat,JUNAGADH,1998,Rabi       ,Gram
Gujarat,JUNAGADH,1998,Rabi       ,Jowar
Gujarat,JUNAGADH,1998,Rabi       ,Rapeseed &Mustard
Gujarat,JUNAGADH,1998,Rabi       ,Small millets
Gujarat,JUNAGADH,1998,Rabi       ,Wheat
Gujarat,JUNAGADH,1999,Rabi       ,Gram
Gujarat,JUNAGADH,1999,Rabi       ,Jowar
Gujarat,JUNAGADH,1999,Rabi       ,Rapeseed &Mustard
Gujarat,JUNAGADH,1999,Rabi       ,Small millets
Gujarat,JUNAGADH,1999,Rabi       ,Wheat
Gujarat,JUNAGADH,2000,Rabi       ,Gram
Gujarat,JUNAGADH,2000,Rabi       ,Jowar
Gujarat,JUNAGADH,2000,Rabi       ,Small millets
Gujarat,JUNAGADH,2000,Rabi       ,Wheat
Gujarat,JUNAGADH,2001,Rabi       ,Gram
Gujarat,JUNAGADH,2001,Rabi       ,Jowar
Gujarat,JUNAGADH,2001,Rabi       ,Other  Rabi pulses
Gujarat,JUNAGADH,2001,Rabi       ,Rapeseed &Mustard
Gujarat,JUNAGADH,2001,Rabi       ,Small millets
Gujarat,JUNAGADH,2001,Rabi       ,Wheat
Gujarat,JUNAGADH,2002,Rabi       ,Gram
Gujarat,JUNAGADH,2002,Rabi       ,Jowar
Gujarat,JUNAGADH,2002,Rabi       ,Rapeseed &Mustard
Gujarat,JUNAGADH,2002,Rabi       ,Small millets
Gujarat,JUNAGADH,2002,Rabi       ,Wheat
Gujarat,JUNAGADH,2003,Rabi       ,Gram
Gujarat,JUNAGADH,2003,Rabi       ,Jowar
Gujarat,JUNAGADH,2003,Rabi       ,Other  Rabi pulses
Gujarat,JUNAGADH,2003,Rabi       ,Rapeseed &Mustard
Gujarat,JUNAGADH,2003,Rabi       ,Small millets
Gujarat,JUNAGADH,2003,Rabi       ,Wheat
Gujarat,JUNAGADH,2004,Rabi       ,Gram
Gujarat,JUNAGADH,2004,Rabi       ,Jowar
Gujarat,JUNAGADH,2004,Rabi       ,Other  Rabi pulses
Gujarat,JUNAGADH,2004,Rabi       ,Other Cereals & Millets
Gujarat,JUNAGADH,2004,Rabi       ,Rapeseed &Mustard
Gujarat,JUNAGADH,2004,Rabi       ,Small millets
Gujarat,JUNAGADH,2004,Rabi       ,Wheat
Gujarat,JUNAGADH,2005,Rabi       ,Gram
Gujarat,JUNAGADH,2005,Rabi       ,Jowar
Gujarat,JUNAGADH,2005,Rabi       ,Other  Rabi pulses
Gujarat,JUNAGADH,2005,Rabi       ,Other Cereals & Millets
Gujarat,JUNAGADH,2005,Rabi       ,Rapeseed &Mustard
Gujarat,JUNAGADH,2005,Rabi       ,Wheat
Gujarat,JUNAGADH,2006,Rabi       ,Gram
Gujarat,JUNAGADH,2006,Rabi       ,Jowar
Gujarat,JUNAGADH,2006,Rabi       ,Other  Rabi pulses
Gujarat,JUNAGADH,2006,Rabi       ,Other Cereals & Millets
Gujarat,JUNAGADH,2006,Rabi       ,Wheat
Gujarat,JUNAGADH,2007,Rabi       ,Gram
Gujarat,JUNAGADH,2007,Rabi       ,Jowar
Gujarat,JUNAGADH,2007,Rabi       ,Other  Rabi pulses
Gujarat,JUNAGADH,2007,Rabi       ,Other Cereals & Millets
Gujarat,JUNAGADH,2007,Rabi       ,Rapeseed &Mustard
Gujarat,JUNAGADH,2007,Rabi       ,Wheat
Gujarat,JUNAGADH,2008,Rabi       ,Gram
Gujarat,JUNAGADH,2008,Rabi       ,Jowar
Gujarat,JUNAGADH,2008,Rabi       ,Onion
Gujarat,JUNAGADH,2008,Rabi       ,Other  Rabi pulses
Gujarat,JUNAGADH,2008,Rabi       ,Other Cereals & Millets
Gujarat,JUNAGADH,2008,Rabi       ,Rapeseed &Mustard
Gujarat,JUNAGADH,2008,Rabi       ,Wheat
Gujarat,JUNAGADH,2009,Rabi       ,Gram
Gujarat,JUNAGADH,2009,Rabi       ,Jowar
Gujarat,JUNAGADH,2009,Rabi       ,Onion
Gujarat,JUNAGADH,2009,Rabi       ,Other  Rabi pulses
Gujarat,JUNAGADH,2009,Rabi       ,Other Cereals & Millets
Gujarat,JUNAGADH,2009,Rabi       ,Rapeseed &Mustard
Gujarat,JUNAGADH,2009,Rabi       ,Wheat
Gujarat,JUNAGADH,2010,Rabi       ,Gram
Gujarat,JUNAGADH,2010,Rabi       ,Jowar
Gujarat,JUNAGADH,2010,Rabi       ,Maize
Gujarat,JUNAGADH,2010,Rabi       ,Other  Rabi pulses
Gujarat,JUNAGADH,2010,Rabi       ,Other Cereals & Millets
Gujarat,JUNAGADH,2010,Rabi       ,Rapeseed &Mustard
Gujarat,JUNAGADH,2010,Rabi       ,Wheat
Gujarat,JUNAGADH,2011,Rabi       ,Gram
Gujarat,JUNAGADH,2011,Rabi       ,Jowar
Gujarat,JUNAGADH,2011,Rabi       ,Onion
Gujarat,JUNAGADH,2011,Rabi       ,Other  Rabi pulses
Gujarat,JUNAGADH,2011,Rabi       ,Other Cereals & Millets
Gujarat,JUNAGADH,2011,Rabi       ,Rapeseed &Mustard
Gujarat,JUNAGADH,2011,Rabi       ,Wheat
Gujarat,JUNAGADH,2012,Rabi       ,Gram
Gujarat,JUNAGADH,2012,Rabi       ,Jowar
Gujarat,JUNAGADH,2012,Rabi       ,Onion
Gujarat,JUNAGADH,2012,Rabi       ,Other Cereals & Millets
Gujarat,JUNAGADH,2012,Rabi       ,Wheat
Gujarat,KACHCHH,1997,Rabi       ,Rapeseed &Mustard
Gujarat,KACHCHH,1997,Rabi       ,Wheat
Gujarat,KACHCHH,1998,Rabi       ,Rapeseed &Mustard
Gujarat,KACHCHH,1998,Rabi       ,Wheat
Gujarat,KACHCHH,1999,Rabi       ,Gram
Gujarat,KACHCHH,1999,Rabi       ,Rapeseed &Mustard
Gujarat,KACHCHH,1999,Rabi       ,Wheat
Gujarat,KACHCHH,2000,Rabi       ,Gram
Gujarat,KACHCHH,2000,Rabi       ,Rapeseed &Mustard
Gujarat,KACHCHH,2000,Rabi       ,Wheat
Gujarat,KACHCHH,2001,Rabi       ,Gram
Gujarat,KACHCHH,2001,Rabi       ,Rapeseed &Mustard
Gujarat,KACHCHH,2001,Rabi       ,Wheat
Gujarat,KACHCHH,2002,Rabi       ,Other  Rabi pulses
Gujarat,KACHCHH,2002,Rabi       ,Rapeseed &Mustard
Gujarat,KACHCHH,2002,Rabi       ,Wheat
Gujarat,KACHCHH,2003,Rabi       ,Gram
Gujarat,KACHCHH,2003,Rabi       ,Other  Rabi pulses
Gujarat,KACHCHH,2003,Rabi       ,Rapeseed &Mustard
Gujarat,KACHCHH,2003,Rabi       ,Wheat
Gujarat,KACHCHH,2004,Rabi       ,Other  Rabi pulses
Gujarat,KACHCHH,2004,Rabi       ,Rapeseed &Mustard
Gujarat,KACHCHH,2004,Rabi       ,Wheat
Gujarat,KACHCHH,2005,Rabi       ,Gram
Gujarat,KACHCHH,2005,Rabi       ,Rapeseed &Mustard
Gujarat,KACHCHH,2005,Rabi       ,Wheat
Gujarat,KACHCHH,2006,Rabi       ,Gram
Gujarat,KACHCHH,2006,Rabi       ,Rapeseed &Mustard
Gujarat,KACHCHH,2006,Rabi       ,Wheat
Gujarat,KACHCHH,2007,Rabi       ,Gram
Gujarat,KACHCHH,2007,Rabi       ,Rapeseed &Mustard
Gujarat,KACHCHH,2007,Rabi       ,Wheat
Gujarat,KACHCHH,2008,Rabi       ,Gram
Gujarat,KACHCHH,2008,Rabi       ,Jowar
Gujarat,KACHCHH,2008,Rabi       ,Onion
Gujarat,KACHCHH,2008,Rabi       ,Other  Rabi pulses
Gujarat,KACHCHH,2008,Rabi       ,Rapeseed &Mustard
Gujarat,KACHCHH,2008,Rabi       ,Wheat
Gujarat,KACHCHH,2009,Rabi       ,Gram
Gujarat,KACHCHH,2009,Rabi       ,Onion
Gujarat,KACHCHH,2009,Rabi       ,Rapeseed &Mustard
Gujarat,KACHCHH,2009,Rabi       ,Wheat
Gujarat,KACHCHH,2010,Rabi       ,Gram
Gujarat,KACHCHH,2010,Rabi       ,Rapeseed &Mustard
Gujarat,KACHCHH,2010,Rabi       ,Wheat
Gujarat,KACHCHH,2011,Rabi       ,Gram
Gujarat,KACHCHH,2011,Rabi       ,Onion
Gujarat,KACHCHH,2011,Rabi       ,Other  Rabi pulses
Gujarat,KACHCHH,2011,Rabi       ,Rapeseed &Mustard
Gujarat,KACHCHH,2011,Rabi       ,Wheat
Gujarat,KACHCHH,2012,Rabi       ,Gram
Gujarat,KACHCHH,2012,Rabi       ,Onion
Gujarat,KACHCHH,2012,Rabi       ,Rapeseed &Mustard
Gujarat,KACHCHH,2012,Rabi       ,Wheat
Gujarat,KHEDA,1997,Rabi       ,Gram
Gujarat,KHEDA,1997,Rabi       ,Jowar
Gujarat,KHEDA,1997,Rabi       ,Other  Rabi pulses
Gujarat,KHEDA,1997,Rabi       ,Rapeseed &Mustard
Gujarat,KHEDA,1997,Rabi       ,Wheat
Gujarat,KHEDA,1998,Rabi       ,Gram
Gujarat,KHEDA,1998,Rabi       ,Jowar
Gujarat,KHEDA,1998,Rabi       ,Other  Rabi pulses
Gujarat,KHEDA,1998,Rabi       ,Rapeseed &Mustard
Gujarat,KHEDA,1998,Rabi       ,Small millets
Gujarat,KHEDA,1998,Rabi       ,Wheat
Gujarat,KHEDA,1999,Rabi       ,Gram
Gujarat,KHEDA,1999,Rabi       ,Jowar
Gujarat,KHEDA,1999,Rabi       ,Other  Rabi pulses
Gujarat,KHEDA,1999,Rabi       ,Rapeseed &Mustard
Gujarat,KHEDA,1999,Rabi       ,Wheat
Gujarat,KHEDA,2000,Rabi       ,Gram
Gujarat,KHEDA,2000,Rabi       ,Jowar
Gujarat,KHEDA,2000,Rabi       ,Other  Rabi pulses
Gujarat,KHEDA,2000,Rabi       ,Rapeseed &Mustard
Gujarat,KHEDA,2000,Rabi       ,Wheat
Gujarat,KHEDA,2001,Rabi       ,Gram
Gujarat,KHEDA,2001,Rabi       ,Jowar
Gujarat,KHEDA,2001,Rabi       ,Rapeseed &Mustard
Gujarat,KHEDA,2001,Rabi       ,Wheat
Gujarat,KHEDA,2002,Rabi       ,Gram
Gujarat,KHEDA,2002,Rabi       ,Jowar
Gujarat,KHEDA,2002,Rabi       ,Rapeseed &Mustard
Gujarat,KHEDA,2002,Rabi       ,Small millets
Gujarat,KHEDA,2002,Rabi       ,Wheat
Gujarat,KHEDA,2003,Rabi       ,Gram
Gujarat,KHEDA,2003,Rabi       ,Jowar
Gujarat,KHEDA,2003,Rabi       ,Rapeseed &Mustard
Gujarat,KHEDA,2003,Rabi       ,Wheat
Gujarat,KHEDA,2004,Rabi       ,Gram
Gujarat,KHEDA,2004,Rabi       ,Jowar
Gujarat,KHEDA,2004,Rabi       ,Other Cereals & Millets
Gujarat,KHEDA,2004,Rabi       ,Rapeseed &Mustard
Gujarat,KHEDA,2004,Rabi       ,Wheat
Gujarat,KHEDA,2005,Rabi       ,Gram
Gujarat,KHEDA,2005,Rabi       ,Jowar
Gujarat,KHEDA,2005,Rabi       ,Other  Rabi pulses
Gujarat,KHEDA,2005,Rabi       ,Rapeseed &Mustard
Gujarat,KHEDA,2005,Rabi       ,Wheat
Gujarat,KHEDA,2006,Rabi       ,Gram
Gujarat,KHEDA,2006,Rabi       ,Other Cereals & Millets
Gujarat,KHEDA,2006,Rabi       ,Rapeseed &Mustard
Gujarat,KHEDA,2006,Rabi       ,Wheat
Gujarat,KHEDA,2007,Rabi       ,Gram
Gujarat,KHEDA,2007,Rabi       ,Other Cereals & Millets
Gujarat,KHEDA,2007,Rabi       ,Rapeseed &Mustard
Gujarat,KHEDA,2007,Rabi       ,Wheat
Gujarat,KHEDA,2008,Rabi       ,Gram
Gujarat,KHEDA,2008,Rabi       ,Jowar
Gujarat,KHEDA,2008,Rabi       ,Onion
Gujarat,KHEDA,2008,Rabi       ,Other Cereals & Millets
Gujarat,KHEDA,2008,Rabi       ,Rapeseed &Mustard
Gujarat,KHEDA,2008,Rabi       ,Wheat
Gujarat,KHEDA,2009,Rabi       ,Gram
Gujarat,KHEDA,2009,Rabi       ,Onion
Gujarat,KHEDA,2009,Rabi       ,Other Cereals & Millets
Gujarat,KHEDA,2009,Rabi       ,Rapeseed &Mustard
Gujarat,KHEDA,2009,Rabi       ,Tobacco
Gujarat,KHEDA,2009,Rabi       ,Wheat
Gujarat,KHEDA,2010,Rabi       ,Gram
Gujarat,KHEDA,2010,Rabi       ,Jowar
Gujarat,KHEDA,2010,Rabi       ,Maize
Gujarat,KHEDA,2010,Rabi       ,Other Cereals & Millets
Gujarat,KHEDA,2010,Rabi       ,Rapeseed &Mustard
Gujarat,KHEDA,2010,Rabi       ,Tobacco
Gujarat,KHEDA,2010,Rabi       ,Wheat
Gujarat,KHEDA,2011,Rabi       ,Gram
Gujarat,KHEDA,2011,Rabi       ,Jowar
Gujarat,KHEDA,2011,Rabi       ,Maize
Gujarat,KHEDA,2011,Rabi       ,Onion
Gujarat,KHEDA,2011,Rabi       ,Other Cereals & Millets
Gujarat,KHEDA,2011,Rabi       ,Rapeseed &Mustard
Gujarat,KHEDA,2011,Rabi       ,Tobacco
Gujarat,KHEDA,2011,Rabi       ,Wheat
Gujarat,KHEDA,2012,Rabi       ,Gram
Gujarat,KHEDA,2012,Rabi       ,Jowar
Gujarat,KHEDA,2012,Rabi       ,Onion
Gujarat,KHEDA,2012,Rabi       ,Other Cereals & Millets
Gujarat,KHEDA,2012,Rabi       ,Rapeseed &Mustard
Gujarat,KHEDA,2012,Rabi       ,Tobacco
Gujarat,KHEDA,2012,Rabi       ,Wheat
Gujarat,MAHESANA,1997,Rabi       ,Gram
Gujarat,MAHESANA,1997,Rabi       ,Jowar
Gujarat,MAHESANA,1997,Rabi       ,Other  Rabi pulses
Gujarat,MAHESANA,1997,Rabi       ,Rapeseed &Mustard
Gujarat,MAHESANA,1997,Rabi       ,Wheat
Gujarat,MAHESANA,1998,Rabi       ,Gram
Gujarat,MAHESANA,1998,Rabi       ,Jowar
Gujarat,MAHESANA,1998,Rabi       ,Other  Rabi pulses
Gujarat,MAHESANA,1998,Rabi       ,Rapeseed &Mustard
Gujarat,MAHESANA,1998,Rabi       ,Small millets
Gujarat,MAHESANA,1998,Rabi       ,Wheat
Gujarat,MAHESANA,1999,Rabi       ,Gram
Gujarat,MAHESANA,1999,Rabi       ,Other  Rabi pulses
Gujarat,MAHESANA,1999,Rabi       ,Rapeseed &Mustard
Gujarat,MAHESANA,1999,Rabi       ,Small millets
Gujarat,MAHESANA,1999,Rabi       ,Wheat
Gujarat,MAHESANA,2000,Rabi       ,Gram
Gujarat,MAHESANA,2000,Rabi       ,Rapeseed &Mustard
Gujarat,MAHESANA,2000,Rabi       ,Small millets
Gujarat,MAHESANA,2000,Rabi       ,Wheat
Gujarat,MAHESANA,2001,Rabi       ,Gram
Gujarat,MAHESANA,2001,Rabi       ,Rapeseed &Mustard
Gujarat,MAHESANA,2001,Rabi       ,Wheat
Gujarat,MAHESANA,2002,Rabi       ,Gram
Gujarat,MAHESANA,2002,Rabi       ,Rapeseed &Mustard
Gujarat,MAHESANA,2002,Rabi       ,Wheat
Gujarat,MAHESANA,2003,Rabi       ,Gram
Gujarat,MAHESANA,2003,Rabi       ,Rapeseed &Mustard
Gujarat,MAHESANA,2003,Rabi       ,Wheat
Gujarat,MAHESANA,2004,Rabi       ,Gram
Gujarat,MAHESANA,2004,Rabi       ,Rapeseed &Mustard
Gujarat,MAHESANA,2004,Rabi       ,Wheat
Gujarat,MAHESANA,2005,Rabi       ,Gram
Gujarat,MAHESANA,2005,Rabi       ,Jowar
Gujarat,MAHESANA,2005,Rabi       ,Other Cereals & Millets
Gujarat,MAHESANA,2005,Rabi       ,Rapeseed &Mustard
Gujarat,MAHESANA,2005,Rabi       ,Wheat
Gujarat,MAHESANA,2006,Rabi       ,Gram
Gujarat,MAHESANA,2006,Rabi       ,Other Cereals & Millets
Gujarat,MAHESANA,2006,Rabi       ,Rapeseed &Mustard
Gujarat,MAHESANA,2006,Rabi       ,Wheat
Gujarat,MAHESANA,2007,Rabi       ,Gram
Gujarat,MAHESANA,2007,Rabi       ,Other Cereals & Millets
Gujarat,MAHESANA,2007,Rabi       ,Rapeseed &Mustard
Gujarat,MAHESANA,2007,Rabi       ,Wheat
Gujarat,MAHESANA,2008,Rabi       ,Gram
Gujarat,MAHESANA,2008,Rabi       ,Onion
Gujarat,MAHESANA,2008,Rabi       ,Other  Rabi pulses
Gujarat,MAHESANA,2008,Rabi       ,Other Cereals & Millets
Gujarat,MAHESANA,2008,Rabi       ,Rapeseed &Mustard
Gujarat,MAHESANA,2008,Rabi       ,Wheat
Gujarat,MAHESANA,2009,Rabi       ,Gram
Gujarat,MAHESANA,2009,Rabi       ,Onion
Gujarat,MAHESANA,2009,Rabi       ,Other Cereals & Millets
Gujarat,MAHESANA,2009,Rabi       ,Rapeseed &Mustard
Gujarat,MAHESANA,2009,Rabi       ,Tobacco
Gujarat,MAHESANA,2009,Rabi       ,Wheat
Gujarat,MAHESANA,2010,Rabi       ,Gram
Gujarat,MAHESANA,2010,Rabi       ,Maize
Gujarat,MAHESANA,2010,Rabi       ,Other  Rabi pulses
Gujarat,MAHESANA,2010,Rabi       ,Other Cereals & Millets
Gujarat,MAHESANA,2010,Rabi       ,Rapeseed &Mustard
Gujarat,MAHESANA,2010,Rabi       ,Tobacco
Gujarat,MAHESANA,2010,Rabi       ,Wheat
Gujarat,MAHESANA,2011,Rabi       ,Gram
Gujarat,MAHESANA,2011,Rabi       ,Onion
Gujarat,MAHESANA,2011,Rabi       ,Other  Rabi pulses
Gujarat,MAHESANA,2011,Rabi       ,Other Cereals & Millets
Gujarat,MAHESANA,2011,Rabi       ,Rapeseed &Mustard
Gujarat,MAHESANA,2011,Rabi       ,Tobacco
Gujarat,MAHESANA,2011,Rabi       ,Wheat
Gujarat,MAHESANA,2012,Rabi       ,Gram
Gujarat,MAHESANA,2012,Rabi       ,Onion
Gujarat,MAHESANA,2012,Rabi       ,Other Cereals & Millets
Gujarat,MAHESANA,2012,Rabi       ,Rapeseed &Mustard
Gujarat,MAHESANA,2012,Rabi       ,Tobacco
Gujarat,MAHESANA,2012,Rabi       ,Wheat
Gujarat,NARMADA,2003,Rabi       ,Gram
Gujarat,NARMADA,2003,Rabi       ,Jowar
Gujarat,NARMADA,2003,Rabi       ,Wheat
Gujarat,NARMADA,2004,Rabi       ,Gram
Gujarat,NARMADA,2004,Rabi       ,Jowar
Gujarat,NARMADA,2004,Rabi       ,Wheat
Gujarat,NARMADA,2005,Rabi       ,Gram
Gujarat,NARMADA,2005,Rabi       ,Jowar
Gujarat,NARMADA,2005,Rabi       ,Other  Rabi pulses
Gujarat,NARMADA,2005,Rabi       ,Other Cereals & Millets
Gujarat,NARMADA,2005,Rabi       ,Wheat
Gujarat,NARMADA,2006,Rabi       ,Gram
Gujarat,NARMADA,2006,Rabi       ,Jowar
Gujarat,NARMADA,2006,Rabi       ,Other Cereals & Millets
Gujarat,NARMADA,2006,Rabi       ,Rapeseed &Mustard
Gujarat,NARMADA,2006,Rabi       ,Wheat
Gujarat,NARMADA,2007,Rabi       ,Gram
Gujarat,NARMADA,2007,Rabi       ,Jowar
Gujarat,NARMADA,2007,Rabi       ,Other Cereals & Millets
Gujarat,NARMADA,2007,Rabi       ,Wheat
Gujarat,NARMADA,2008,Rabi       ,Gram
Gujarat,NARMADA,2008,Rabi       ,Jowar
Gujarat,NARMADA,2008,Rabi       ,Wheat
Gujarat,NARMADA,2009,Rabi       ,Gram
Gujarat,NARMADA,2009,Rabi       ,Jowar
Gujarat,NARMADA,2009,Rabi       ,Wheat
Gujarat,NARMADA,2010,Rabi       ,Gram
Gujarat,NARMADA,2010,Rabi       ,Jowar
Gujarat,NARMADA,2010,Rabi       ,Maize
Gujarat,NARMADA,2010,Rabi       ,Wheat
Gujarat,NARMADA,2011,Rabi       ,Gram
Gujarat,NARMADA,2011,Rabi       ,Jowar
Gujarat,NARMADA,2011,Rabi       ,Maize
Gujarat,NARMADA,2011,Rabi       ,Other  Rabi pulses
Gujarat,NARMADA,2011,Rabi       ,Other Cereals & Millets
Gujarat,NARMADA,2011,Rabi       ,Wheat
Gujarat,NARMADA,2012,Rabi       ,Gram
Gujarat,NARMADA,2012,Rabi       ,Jowar
Gujarat,NARMADA,2012,Rabi       ,Onion
Gujarat,NARMADA,2012,Rabi       ,Other  Rabi pulses
Gujarat,NARMADA,2012,Rabi       ,Other Cereals & Millets
Gujarat,NARMADA,2012,Rabi       ,Wheat
Gujarat,NAVSARI,2003,Rabi       ,Gram
Gujarat,NAVSARI,2003,Rabi       ,Jowar
Gujarat,NAVSARI,2003,Rabi       ,Other  Rabi pulses
Gujarat,NAVSARI,2003,Rabi       ,Small millets
Gujarat,NAVSARI,2003,Rabi       ,Wheat
Gujarat,NAVSARI,2004,Rabi       ,Gram
Gujarat,NAVSARI,2004,Rabi       ,Jowar
Gujarat,NAVSARI,2004,Rabi       ,Other  Rabi pulses
Gujarat,NAVSARI,2004,Rabi       ,Wheat
Gujarat,NAVSARI,2005,Rabi       ,Gram
Gujarat,NAVSARI,2005,Rabi       ,Jowar
Gujarat,NAVSARI,2005,Rabi       ,Other  Rabi pulses
Gujarat,NAVSARI,2005,Rabi       ,Rapeseed &Mustard
Gujarat,NAVSARI,2005,Rabi       ,Wheat
Gujarat,NAVSARI,2006,Rabi       ,Gram
Gujarat,NAVSARI,2006,Rabi       ,Jowar
Gujarat,NAVSARI,2006,Rabi       ,Other  Rabi pulses
Gujarat,NAVSARI,2006,Rabi       ,Rapeseed &Mustard
Gujarat,NAVSARI,2006,Rabi       ,Wheat
Gujarat,NAVSARI,2007,Rabi       ,Gram
Gujarat,NAVSARI,2007,Rabi       ,Jowar
Gujarat,NAVSARI,2007,Rabi       ,Other  Rabi pulses
Gujarat,NAVSARI,2007,Rabi       ,Rapeseed &Mustard
Gujarat,NAVSARI,2007,Rabi       ,Wheat
Gujarat,NAVSARI,2008,Rabi       ,Gram
Gujarat,NAVSARI,2008,Rabi       ,Jowar
Gujarat,NAVSARI,2008,Rabi       ,Onion
Gujarat,NAVSARI,2008,Rabi       ,Other  Rabi pulses
Gujarat,NAVSARI,2008,Rabi       ,Rapeseed &Mustard
Gujarat,NAVSARI,2008,Rabi       ,Wheat
Gujarat,NAVSARI,2009,Rabi       ,Gram
Gujarat,NAVSARI,2009,Rabi       ,Jowar
Gujarat,NAVSARI,2009,Rabi       ,Onion
Gujarat,NAVSARI,2009,Rabi       ,Other  Rabi pulses
Gujarat,NAVSARI,2009,Rabi       ,Rapeseed &Mustard
Gujarat,NAVSARI,2009,Rabi       ,Wheat
Gujarat,NAVSARI,2010,Rabi       ,Gram
Gujarat,NAVSARI,2010,Rabi       ,Jowar
Gujarat,NAVSARI,2010,Rabi       ,Other  Rabi pulses
Gujarat,NAVSARI,2010,Rabi       ,Rapeseed &Mustard
Gujarat,NAVSARI,2010,Rabi       ,Wheat
Gujarat,NAVSARI,2011,Rabi       ,Gram
Gujarat,NAVSARI,2011,Rabi       ,Jowar
Gujarat,NAVSARI,2011,Rabi       ,Onion
Gujarat,NAVSARI,2011,Rabi       ,Other  Rabi pulses
Gujarat,NAVSARI,2011,Rabi       ,Other Cereals & Millets
Gujarat,NAVSARI,2011,Rabi       ,Rapeseed &Mustard
Gujarat,NAVSARI,2011,Rabi       ,Wheat
Gujarat,NAVSARI,2012,Rabi       ,Gram
Gujarat,NAVSARI,2012,Rabi       ,Jowar
Gujarat,NAVSARI,2012,Rabi       ,Onion
Gujarat,NAVSARI,2012,Rabi       ,Other  Rabi pulses
Gujarat,NAVSARI,2012,Rabi       ,Other Cereals & Millets
Gujarat,NAVSARI,2012,Rabi       ,Rapeseed &Mustard
Gujarat,NAVSARI,2012,Rabi       ,Wheat
Gujarat,PANCH MAHALS,1997,Rabi       ,Gram
Gujarat,PANCH MAHALS,1997,Rabi       ,Jowar
Gujarat,PANCH MAHALS,1997,Rabi       ,Other  Rabi pulses
Gujarat,PANCH MAHALS,1997,Rabi       ,Rapeseed &Mustard
Gujarat,PANCH MAHALS,1997,Rabi       ,Wheat
Gujarat,PANCH MAHALS,1998,Rabi       ,Gram
Gujarat,PANCH MAHALS,1998,Rabi       ,Jowar
Gujarat,PANCH MAHALS,1998,Rabi       ,Other  Rabi pulses
Gujarat,PANCH MAHALS,1998,Rabi       ,Rapeseed &Mustard
Gujarat,PANCH MAHALS,1998,Rabi       ,Wheat
Gujarat,PANCH MAHALS,1999,Rabi       ,Gram
Gujarat,PANCH MAHALS,1999,Rabi       ,Jowar
Gujarat,PANCH MAHALS,1999,Rabi       ,Other  Rabi pulses
Gujarat,PANCH MAHALS,1999,Rabi       ,Rapeseed &Mustard
Gujarat,PANCH MAHALS,1999,Rabi       ,Wheat
Gujarat,PANCH MAHALS,2000,Rabi       ,Gram
Gujarat,PANCH MAHALS,2000,Rabi       ,Jowar
Gujarat,PANCH MAHALS,2000,Rabi       ,Rapeseed &Mustard
Gujarat,PANCH MAHALS,2000,Rabi       ,Wheat
Gujarat,PANCH MAHALS,2001,Rabi       ,Gram
Gujarat,PANCH MAHALS,2001,Rabi       ,Jowar
Gujarat,PANCH MAHALS,2001,Rabi       ,Rapeseed &Mustard
Gujarat,PANCH MAHALS,2001,Rabi       ,Small millets
Gujarat,PANCH MAHALS,2001,Rabi       ,Wheat
Gujarat,PANCH MAHALS,2002,Rabi       ,Gram
Gujarat,PANCH MAHALS,2002,Rabi       ,Jowar
Gujarat,PANCH MAHALS,2002,Rabi       ,Rapeseed &Mustard
Gujarat,PANCH MAHALS,2002,Rabi       ,Wheat
Gujarat,PANCH MAHALS,2003,Rabi       ,Gram
Gujarat,PANCH MAHALS,2003,Rabi       ,Jowar
Gujarat,PANCH MAHALS,2003,Rabi       ,Rapeseed &Mustard
Gujarat,PANCH MAHALS,2003,Rabi       ,Wheat
Gujarat,PANCH MAHALS,2004,Rabi       ,Gram
Gujarat,PANCH MAHALS,2004,Rabi       ,Jowar
Gujarat,PANCH MAHALS,2004,Rabi       ,Other Cereals & Millets
Gujarat,PANCH MAHALS,2004,Rabi       ,Rapeseed &Mustard
Gujarat,PANCH MAHALS,2004,Rabi       ,Wheat
Gujarat,PANCH MAHALS,2005,Rabi       ,Gram
Gujarat,PANCH MAHALS,2005,Rabi       ,Jowar
Gujarat,PANCH MAHALS,2005,Rabi       ,Other  Rabi pulses
Gujarat,PANCH MAHALS,2005,Rabi       ,Other Cereals & Millets
Gujarat,PANCH MAHALS,2005,Rabi       ,Rapeseed &Mustard
Gujarat,PANCH MAHALS,2005,Rabi       ,Wheat
Gujarat,PANCH MAHALS,2006,Rabi       ,Gram
Gujarat,PANCH MAHALS,2006,Rabi       ,Jowar
Gujarat,PANCH MAHALS,2006,Rabi       ,Other  Rabi pulses
Gujarat,PANCH MAHALS,2006,Rabi       ,Other Cereals & Millets
Gujarat,PANCH MAHALS,2006,Rabi       ,Rapeseed &Mustard
Gujarat,PANCH MAHALS,2006,Rabi       ,Wheat
Gujarat,PANCH MAHALS,2007,Rabi       ,Gram
Gujarat,PANCH MAHALS,2007,Rabi       ,Jowar
Gujarat,PANCH MAHALS,2007,Rabi       ,Other  Rabi pulses
Gujarat,PANCH MAHALS,2007,Rabi       ,Other Cereals & Millets
Gujarat,PANCH MAHALS,2007,Rabi       ,Rapeseed &Mustard
Gujarat,PANCH MAHALS,2007,Rabi       ,Wheat
Gujarat,PANCH MAHALS,2008,Rabi       ,Gram
Gujarat,PANCH MAHALS,2008,Rabi       ,Jowar
Gujarat,PANCH MAHALS,2008,Rabi       ,Onion
Gujarat,PANCH MAHALS,2008,Rabi       ,Other  Rabi pulses
Gujarat,PANCH MAHALS,2008,Rabi       ,Other Cereals & Millets
Gujarat,PANCH MAHALS,2008,Rabi       ,Rapeseed &Mustard
Gujarat,PANCH MAHALS,2008,Rabi       ,Wheat
Gujarat,PANCH MAHALS,2009,Rabi       ,Gram
Gujarat,PANCH MAHALS,2009,Rabi       ,Jowar
Gujarat,PANCH MAHALS,2009,Rabi       ,Onion
Gujarat,PANCH MAHALS,2009,Rabi       ,Other  Rabi pulses
Gujarat,PANCH MAHALS,2009,Rabi       ,Rapeseed &Mustard
Gujarat,PANCH MAHALS,2009,Rabi       ,Tobacco
Gujarat,PANCH MAHALS,2009,Rabi       ,Wheat
Gujarat,PANCH MAHALS,2010,Rabi       ,Gram
Gujarat,PANCH MAHALS,2010,Rabi       ,Jowar
Gujarat,PANCH MAHALS,2010,Rabi       ,Other  Rabi pulses
Gujarat,PANCH MAHALS,2010,Rabi       ,Rapeseed &Mustard
Gujarat,PANCH MAHALS,2010,Rabi       ,Wheat
Gujarat,PANCH MAHALS,2011,Rabi       ,Gram
Gujarat,PANCH MAHALS,2011,Rabi       ,Jowar
Gujarat,PANCH MAHALS,2011,Rabi       ,Maize
Gujarat,PANCH MAHALS,2011,Rabi       ,Onion
Gujarat,PANCH MAHALS,2011,Rabi       ,Other  Rabi pulses
Gujarat,PANCH MAHALS,2011,Rabi       ,Rapeseed &Mustard
Gujarat,PANCH MAHALS,2011,Rabi       ,Wheat
Gujarat,PANCH MAHALS,2012,Rabi       ,Gram
Gujarat,PANCH MAHALS,2012,Rabi       ,Jowar
Gujarat,PANCH MAHALS,2012,Rabi       ,Maize
Gujarat,PANCH MAHALS,2012,Rabi       ,Onion
Gujarat,PANCH MAHALS,2012,Rabi       ,Other  Rabi pulses
Gujarat,PANCH MAHALS,2012,Rabi       ,Other Cereals & Millets
Gujarat,PANCH MAHALS,2012,Rabi       ,Rapeseed &Mustard
Gujarat,PANCH MAHALS,2012,Rabi       ,Tobacco
Gujarat,PANCH MAHALS,2012,Rabi       ,Wheat
Gujarat,PATAN,2003,Rabi       ,Gram
Gujarat,PATAN,2003,Rabi       ,Rapeseed &Mustard
Gujarat,PATAN,2003,Rabi       ,Wheat
Gujarat,PATAN,2004,Rabi       ,Gram
Gujarat,PATAN,2004,Rabi       ,Rapeseed &Mustard
Gujarat,PATAN,2004,Rabi       ,Wheat
Gujarat,PATAN,2005,Rabi       ,Gram
Gujarat,PATAN,2005,Rabi       ,Other  Rabi pulses
Gujarat,PATAN,2005,Rabi       ,Rapeseed &Mustard
Gujarat,PATAN,2005,Rabi       ,Wheat
Gujarat,PATAN,2006,Rabi       ,Gram
Gujarat,PATAN,2006,Rabi       ,Rapeseed &Mustard
Gujarat,PATAN,2006,Rabi       ,Wheat
Gujarat,PATAN,2007,Rabi       ,Gram
Gujarat,PATAN,2007,Rabi       ,Rapeseed &Mustard
Gujarat,PATAN,2007,Rabi       ,Wheat
Gujarat,PATAN,2008,Rabi       ,Gram
Gujarat,PATAN,2008,Rabi       ,Rapeseed &Mustard
Gujarat,PATAN,2008,Rabi       ,Wheat
Gujarat,PATAN,2009,Rabi       ,Gram
Gujarat,PATAN,2009,Rabi       ,Other Cereals & Millets
Gujarat,PATAN,2009,Rabi       ,Rapeseed &Mustard
Gujarat,PATAN,2009,Rabi       ,Wheat
Gujarat,PATAN,2010,Rabi       ,Gram
Gujarat,PATAN,2010,Rabi       ,Jowar
Gujarat,PATAN,2010,Rabi       ,Maize
Gujarat,PATAN,2010,Rabi       ,Other Cereals & Millets
Gujarat,PATAN,2010,Rabi       ,Rapeseed &Mustard
Gujarat,PATAN,2010,Rabi       ,Tobacco
Gujarat,PATAN,2010,Rabi       ,Wheat
Gujarat,PATAN,2011,Rabi       ,Gram
Gujarat,PATAN,2011,Rabi       ,Onion
Gujarat,PATAN,2011,Rabi       ,Other  Rabi pulses
Gujarat,PATAN,2011,Rabi       ,Other Cereals & Millets
Gujarat,PATAN,2011,Rabi       ,Rapeseed &Mustard
Gujarat,PATAN,2011,Rabi       ,Tobacco
Gujarat,PATAN,2011,Rabi       ,Wheat
Gujarat,PATAN,2012,Rabi       ,Gram
Gujarat,PATAN,2012,Rabi       ,Other Cereals & Millets
Gujarat,PATAN,2012,Rabi       ,Rapeseed &Mustard
Gujarat,PATAN,2012,Rabi       ,Tobacco
Gujarat,PATAN,2012,Rabi       ,Wheat
Gujarat,PORBANDAR,2003,Rabi       ,Gram
Gujarat,PORBANDAR,2003,Rabi       ,Jowar
Gujarat,PORBANDAR,2003,Rabi       ,Rapeseed &Mustard
Gujarat,PORBANDAR,2003,Rabi       ,Wheat
Gujarat,PORBANDAR,2004,Rabi       ,Gram
Gujarat,PORBANDAR,2004,Rabi       ,Jowar
Gujarat,PORBANDAR,2004,Rabi       ,Rapeseed &Mustard
Gujarat,PORBANDAR,2004,Rabi       ,Wheat
Gujarat,PORBANDAR,2005,Rabi       ,Gram
Gujarat,PORBANDAR,2005,Rabi       ,Jowar
Gujarat,PORBANDAR,2005,Rabi       ,Rapeseed &Mustard
Gujarat,PORBANDAR,2005,Rabi       ,Wheat
Gujarat,PORBANDAR,2006,Rabi       ,Gram
Gujarat,PORBANDAR,2006,Rabi       ,Jowar
Gujarat,PORBANDAR,2006,Rabi       ,Other Cereals & Millets
Gujarat,PORBANDAR,2006,Rabi       ,Rapeseed &Mustard
Gujarat,PORBANDAR,2006,Rabi       ,Wheat
Gujarat,PORBANDAR,2007,Rabi       ,Gram
Gujarat,PORBANDAR,2007,Rabi       ,Jowar
Gujarat,PORBANDAR,2007,Rabi       ,Other Cereals & Millets
Gujarat,PORBANDAR,2007,Rabi       ,Rapeseed &Mustard
Gujarat,PORBANDAR,2007,Rabi       ,Wheat
Gujarat,PORBANDAR,2008,Rabi       ,Gram
Gujarat,PORBANDAR,2008,Rabi       ,Jowar
Gujarat,PORBANDAR,2008,Rabi       ,Onion
Gujarat,PORBANDAR,2008,Rabi       ,Rapeseed &Mustard
Gujarat,PORBANDAR,2008,Rabi       ,Wheat
Gujarat,PORBANDAR,2009,Rabi       ,Gram
Gujarat,PORBANDAR,2009,Rabi       ,Jowar
Gujarat,PORBANDAR,2009,Rabi       ,Onion
Gujarat,PORBANDAR,2009,Rabi       ,Other  Rabi pulses
Gujarat,PORBANDAR,2009,Rabi       ,Other Cereals & Millets
Gujarat,PORBANDAR,2009,Rabi       ,Wheat
Gujarat,PORBANDAR,2010,Rabi       ,Gram
Gujarat,PORBANDAR,2010,Rabi       ,Jowar
Gujarat,PORBANDAR,2010,Rabi       ,Maize
Gujarat,PORBANDAR,2010,Rabi       ,Other Cereals & Millets
Gujarat,PORBANDAR,2010,Rabi       ,Wheat
Gujarat,PORBANDAR,2011,Rabi       ,Gram
Gujarat,PORBANDAR,2011,Rabi       ,Jowar
Gujarat,PORBANDAR,2011,Rabi       ,Onion
Gujarat,PORBANDAR,2011,Rabi       ,Other Cereals & Millets
Gujarat,PORBANDAR,2011,Rabi       ,Wheat
Gujarat,PORBANDAR,2012,Rabi       ,Gram
Gujarat,PORBANDAR,2012,Rabi       ,Jowar
Gujarat,PORBANDAR,2012,Rabi       ,Onion
Gujarat,PORBANDAR,2012,Rabi       ,Wheat
Gujarat,RAJKOT,1997,Rabi       ,Gram
Gujarat,RAJKOT,1997,Rabi       ,Rapeseed &Mustard
Gujarat,RAJKOT,1997,Rabi       ,Wheat
Gujarat,RAJKOT,1998,Rabi       ,Gram
Gujarat,RAJKOT,1998,Rabi       ,Rapeseed &Mustard
Gujarat,RAJKOT,1998,Rabi       ,Wheat
Gujarat,RAJKOT,1999,Rabi       ,Gram
Gujarat,RAJKOT,1999,Rabi       ,Rapeseed &Mustard
Gujarat,RAJKOT,1999,Rabi       ,Wheat
Gujarat,RAJKOT,2000,Rabi       ,Gram
Gujarat,RAJKOT,2000,Rabi       ,Rapeseed &Mustard
Gujarat,RAJKOT,2000,Rabi       ,Wheat
Gujarat,RAJKOT,2001,Rabi       ,Gram
Gujarat,RAJKOT,2001,Rabi       ,Rapeseed &Mustard
Gujarat,RAJKOT,2001,Rabi       ,Wheat
Gujarat,RAJKOT,2002,Rabi       ,Gram
Gujarat,RAJKOT,2002,Rabi       ,Rapeseed &Mustard
Gujarat,RAJKOT,2002,Rabi       ,Wheat
Gujarat,RAJKOT,2003,Rabi       ,Gram
Gujarat,RAJKOT,2003,Rabi       ,Rapeseed &Mustard
Gujarat,RAJKOT,2003,Rabi       ,Wheat
Gujarat,RAJKOT,2004,Rabi       ,Gram
Gujarat,RAJKOT,2004,Rabi       ,Rapeseed &Mustard
Gujarat,RAJKOT,2004,Rabi       ,Wheat
Gujarat,RAJKOT,2005,Rabi       ,Gram
Gujarat,RAJKOT,2005,Rabi       ,Other  Rabi pulses
Gujarat,RAJKOT,2005,Rabi       ,Rapeseed &Mustard
Gujarat,RAJKOT,2005,Rabi       ,Wheat
Gujarat,RAJKOT,2006,Rabi       ,Gram
Gujarat,RAJKOT,2006,Rabi       ,Rapeseed &Mustard
Gujarat,RAJKOT,2006,Rabi       ,Wheat
Gujarat,RAJKOT,2007,Rabi       ,Gram
Gujarat,RAJKOT,2007,Rabi       ,Jowar
Gujarat,RAJKOT,2007,Rabi       ,Rapeseed &Mustard
Gujarat,RAJKOT,2007,Rabi       ,Wheat
Gujarat,RAJKOT,2008,Rabi       ,Gram
Gujarat,RAJKOT,2008,Rabi       ,Jowar
Gujarat,RAJKOT,2008,Rabi       ,Onion
Gujarat,RAJKOT,2008,Rabi       ,Rapeseed &Mustard
Gujarat,RAJKOT,2008,Rabi       ,Wheat
Gujarat,RAJKOT,2009,Rabi       ,Gram
Gujarat,RAJKOT,2009,Rabi       ,Jowar
Gujarat,RAJKOT,2009,Rabi       ,Onion
Gujarat,RAJKOT,2009,Rabi       ,Rapeseed &Mustard
Gujarat,RAJKOT,2009,Rabi       ,Wheat
Gujarat,RAJKOT,2010,Rabi       ,Gram
Gujarat,RAJKOT,2010,Rabi       ,Rapeseed &Mustard
Gujarat,RAJKOT,2010,Rabi       ,Wheat
Gujarat,RAJKOT,2011,Rabi       ,Gram
Gujarat,RAJKOT,2011,Rabi       ,Onion
Gujarat,RAJKOT,2011,Rabi       ,Other Cereals & Millets
Gujarat,RAJKOT,2011,Rabi       ,Rapeseed &Mustard
Gujarat,RAJKOT,2011,Rabi       ,Wheat
Gujarat,RAJKOT,2012,Rabi       ,Gram
Gujarat,RAJKOT,2012,Rabi       ,Onion
Gujarat,RAJKOT,2012,Rabi       ,Rapeseed &Mustard
Gujarat,RAJKOT,2012,Rabi       ,Wheat
Gujarat,SABAR KANTHA,1997,Rabi       ,Gram
Gujarat,SABAR KANTHA,1997,Rabi       ,Rapeseed &Mustard
Gujarat,SABAR KANTHA,1997,Rabi       ,Wheat
Gujarat,SABAR KANTHA,1998,Rabi       ,Gram
Gujarat,SABAR KANTHA,1998,Rabi       ,Rapeseed &Mustard
Gujarat,SABAR KANTHA,1998,Rabi       ,Wheat
Gujarat,SABAR KANTHA,1999,Rabi       ,Gram
Gujarat,SABAR KANTHA,1999,Rabi       ,Rapeseed &Mustard
Gujarat,SABAR KANTHA,1999,Rabi       ,Wheat
Gujarat,SABAR KANTHA,2000,Rabi       ,Gram
Gujarat,SABAR KANTHA,2000,Rabi       ,Rapeseed &Mustard
Gujarat,SABAR KANTHA,2000,Rabi       ,Wheat
Gujarat,SABAR KANTHA,2001,Rabi       ,Gram
Gujarat,SABAR KANTHA,2001,Rabi       ,Rapeseed &Mustard
Gujarat,SABAR KANTHA,2001,Rabi       ,Wheat
Gujarat,SABAR KANTHA,2002,Rabi       ,Gram
Gujarat,SABAR KANTHA,2002,Rabi       ,Rapeseed &Mustard
Gujarat,SABAR KANTHA,2002,Rabi       ,Wheat
Gujarat,SABAR KANTHA,2003,Rabi       ,Gram
Gujarat,SABAR KANTHA,2003,Rabi       ,Rapeseed &Mustard
Gujarat,SABAR KANTHA,2003,Rabi       ,Wheat
Gujarat,SABAR KANTHA,2004,Rabi       ,Gram
Gujarat,SABAR KANTHA,2004,Rabi       ,Rapeseed &Mustard
Gujarat,SABAR KANTHA,2004,Rabi       ,Wheat
Gujarat,SABAR KANTHA,2005,Rabi       ,Gram
Gujarat,SABAR KANTHA,2005,Rabi       ,Other Cereals & Millets
Gujarat,SABAR KANTHA,2005,Rabi       ,Rapeseed &Mustard
Gujarat,SABAR KANTHA,2005,Rabi       ,Wheat
Gujarat,SABAR KANTHA,2006,Rabi       ,Gram
Gujarat,SABAR KANTHA,2006,Rabi       ,Other Cereals & Millets
Gujarat,SABAR KANTHA,2006,Rabi       ,Rapeseed &Mustard
Gujarat,SABAR KANTHA,2006,Rabi       ,Wheat
Gujarat,SABAR KANTHA,2007,Rabi       ,Gram
Gujarat,SABAR KANTHA,2007,Rabi       ,Other Cereals & Millets
Gujarat,SABAR KANTHA,2007,Rabi       ,Rapeseed &Mustard
Gujarat,SABAR KANTHA,2007,Rabi       ,Wheat
Gujarat,SABAR KANTHA,2008,Rabi       ,Gram
Gujarat,SABAR KANTHA,2008,Rabi       ,Onion
Gujarat,SABAR KANTHA,2008,Rabi       ,Other Cereals & Millets
Gujarat,SABAR KANTHA,2008,Rabi       ,Rapeseed &Mustard
Gujarat,SABAR KANTHA,2008,Rabi       ,Wheat
Gujarat,SABAR KANTHA,2009,Rabi       ,Gram
Gujarat,SABAR KANTHA,2009,Rabi       ,Rapeseed &Mustard
Gujarat,SABAR KANTHA,2009,Rabi       ,Tobacco
Gujarat,SABAR KANTHA,2009,Rabi       ,Wheat
Gujarat,SABAR KANTHA,2010,Rabi       ,Gram
Gujarat,SABAR KANTHA,2010,Rabi       ,Rapeseed &Mustard
Gujarat,SABAR KANTHA,2010,Rabi       ,Tobacco
Gujarat,SABAR KANTHA,2010,Rabi       ,Wheat
Gujarat,SABAR KANTHA,2011,Rabi       ,Gram
Gujarat,SABAR KANTHA,2011,Rabi       ,Maize
Gujarat,SABAR KANTHA,2011,Rabi       ,Onion
Gujarat,SABAR KANTHA,2011,Rabi       ,Other Cereals & Millets
Gujarat,SABAR KANTHA,2011,Rabi       ,Rapeseed &Mustard
Gujarat,SABAR KANTHA,2011,Rabi       ,Tobacco
Gujarat,SABAR KANTHA,2011,Rabi       ,Wheat
Gujarat,SABAR KANTHA,2012,Rabi       ,Gram
Gujarat,SABAR KANTHA,2012,Rabi       ,Maize
Gujarat,SABAR KANTHA,2012,Rabi       ,Onion
Gujarat,SABAR KANTHA,2012,Rabi       ,Other Cereals & Millets
Gujarat,SABAR KANTHA,2012,Rabi       ,Rapeseed &Mustard
Gujarat,SABAR KANTHA,2012,Rabi       ,Tobacco
Gujarat,SABAR KANTHA,2012,Rabi       ,Wheat
Gujarat,SURAT,1997,Rabi       ,Gram
Gujarat,SURAT,1997,Rabi       ,Jowar
Gujarat,SURAT,1997,Rabi       ,Other  Rabi pulses
Gujarat,SURAT,1997,Rabi       ,Wheat
Gujarat,SURAT,1998,Rabi       ,Gram
Gujarat,SURAT,1998,Rabi       ,Jowar
Gujarat,SURAT,1998,Rabi       ,Other  Rabi pulses
Gujarat,SURAT,1998,Rabi       ,Wheat
Gujarat,SURAT,1999,Rabi       ,Gram
Gujarat,SURAT,1999,Rabi       ,Jowar
Gujarat,SURAT,1999,Rabi       ,Other  Rabi pulses
Gujarat,SURAT,1999,Rabi       ,Wheat
Gujarat,SURAT,2000,Rabi       ,Gram
Gujarat,SURAT,2000,Rabi       ,Jowar
Gujarat,SURAT,2000,Rabi       ,Other  Rabi pulses
Gujarat,SURAT,2000,Rabi       ,Wheat
Gujarat,SURAT,2001,Rabi       ,Gram
Gujarat,SURAT,2001,Rabi       ,Jowar
Gujarat,SURAT,2001,Rabi       ,Other  Rabi pulses
Gujarat,SURAT,2001,Rabi       ,Wheat
Gujarat,SURAT,2002,Rabi       ,Gram
Gujarat,SURAT,2002,Rabi       ,Jowar
Gujarat,SURAT,2002,Rabi       ,Other  Rabi pulses
Gujarat,SURAT,2002,Rabi       ,Rapeseed &Mustard
Gujarat,SURAT,2002,Rabi       ,Wheat
Gujarat,SURAT,2003,Rabi       ,Gram
Gujarat,SURAT,2003,Rabi       ,Jowar
Gujarat,SURAT,2003,Rabi       ,Other  Rabi pulses
Gujarat,SURAT,2003,Rabi       ,Wheat
Gujarat,SURAT,2004,Rabi       ,Gram
Gujarat,SURAT,2004,Rabi       ,Jowar
Gujarat,SURAT,2004,Rabi       ,Other  Rabi pulses
Gujarat,SURAT,2004,Rabi       ,Rapeseed &Mustard
Gujarat,SURAT,2004,Rabi       ,Wheat
Gujarat,SURAT,2005,Rabi       ,Gram
Gujarat,SURAT,2005,Rabi       ,Jowar
Gujarat,SURAT,2005,Rabi       ,Other  Rabi pulses
Gujarat,SURAT,2005,Rabi       ,Rapeseed &Mustard
Gujarat,SURAT,2005,Rabi       ,Wheat
Gujarat,SURAT,2006,Rabi       ,Gram
Gujarat,SURAT,2006,Rabi       ,Jowar
Gujarat,SURAT,2006,Rabi       ,Other  Rabi pulses
Gujarat,SURAT,2006,Rabi       ,Rapeseed &Mustard
Gujarat,SURAT,2006,Rabi       ,Wheat
Gujarat,SURAT,2007,Rabi       ,Gram
Gujarat,SURAT,2007,Rabi       ,Jowar
Gujarat,SURAT,2007,Rabi       ,Other  Rabi pulses
Gujarat,SURAT,2007,Rabi       ,Rapeseed &Mustard
Gujarat,SURAT,2007,Rabi       ,Wheat
Gujarat,SURAT,2008,Rabi       ,Gram
Gujarat,SURAT,2008,Rabi       ,Jowar
Gujarat,SURAT,2008,Rabi       ,Onion
Gujarat,SURAT,2008,Rabi       ,Other  Rabi pulses
Gujarat,SURAT,2008,Rabi       ,Other Cereals & Millets
Gujarat,SURAT,2008,Rabi       ,Rapeseed &Mustard
Gujarat,SURAT,2008,Rabi       ,Wheat
Gujarat,SURAT,2009,Rabi       ,Gram
Gujarat,SURAT,2009,Rabi       ,Jowar
Gujarat,SURAT,2009,Rabi       ,Onion
Gujarat,SURAT,2009,Rabi       ,Other  Rabi pulses
Gujarat,SURAT,2009,Rabi       ,Wheat
Gujarat,SURAT,2010,Rabi       ,Gram
Gujarat,SURAT,2010,Rabi       ,Jowar
Gujarat,SURAT,2010,Rabi       ,Other  Rabi pulses
Gujarat,SURAT,2010,Rabi       ,Rapeseed &Mustard
Gujarat,SURAT,2010,Rabi       ,Wheat
Gujarat,SURAT,2011,Rabi       ,Gram
Gujarat,SURAT,2011,Rabi       ,Jowar
Gujarat,SURAT,2011,Rabi       ,Maize
Gujarat,SURAT,2011,Rabi       ,Onion
Gujarat,SURAT,2011,Rabi       ,Other  Rabi pulses
Gujarat,SURAT,2011,Rabi       ,Other Cereals & Millets
Gujarat,SURAT,2011,Rabi       ,Rapeseed &Mustard
Gujarat,SURAT,2011,Rabi       ,Wheat
Gujarat,SURAT,2012,Rabi       ,Gram
Gujarat,SURAT,2012,Rabi       ,Jowar
Gujarat,SURAT,2012,Rabi       ,Onion
Gujarat,SURAT,2012,Rabi       ,Other  Rabi pulses
Gujarat,SURAT,2012,Rabi       ,Other Cereals & Millets
Gujarat,SURAT,2012,Rabi       ,Wheat
Gujarat,SURENDRANAGAR,1997,Rabi       ,Gram
Gujarat,SURENDRANAGAR,1997,Rabi       ,Jowar
Gujarat,SURENDRANAGAR,1997,Rabi       ,Rapeseed &Mustard
Gujarat,SURENDRANAGAR,1997,Rabi       ,Wheat
Gujarat,SURENDRANAGAR,1998,Rabi       ,Gram
Gujarat,SURENDRANAGAR,1998,Rabi       ,Rapeseed &Mustard
Gujarat,SURENDRANAGAR,1998,Rabi       ,Wheat
Gujarat,SURENDRANAGAR,1999,Rabi       ,Gram
Gujarat,SURENDRANAGAR,1999,Rabi       ,Rapeseed &Mustard
Gujarat,SURENDRANAGAR,1999,Rabi       ,Wheat
Gujarat,SURENDRANAGAR,2000,Rabi       ,Gram
Gujarat,SURENDRANAGAR,2000,Rabi       ,Rapeseed &Mustard
Gujarat,SURENDRANAGAR,2000,Rabi       ,Wheat
Gujarat,SURENDRANAGAR,2001,Rabi       ,Gram
Gujarat,SURENDRANAGAR,2001,Rabi       ,Rapeseed &Mustard
Gujarat,SURENDRANAGAR,2001,Rabi       ,Wheat
Gujarat,SURENDRANAGAR,2002,Rabi       ,Gram
Gujarat,SURENDRANAGAR,2002,Rabi       ,Jowar
Gujarat,SURENDRANAGAR,2002,Rabi       ,Other  Rabi pulses
Gujarat,SURENDRANAGAR,2002,Rabi       ,Rapeseed &Mustard
Gujarat,SURENDRANAGAR,2002,Rabi       ,Wheat
Gujarat,SURENDRANAGAR,2003,Rabi       ,Gram
Gujarat,SURENDRANAGAR,2003,Rabi       ,Jowar
Gujarat,SURENDRANAGAR,2003,Rabi       ,Rapeseed &Mustard
Gujarat,SURENDRANAGAR,2003,Rabi       ,Small millets
Gujarat,SURENDRANAGAR,2003,Rabi       ,Wheat
Gujarat,SURENDRANAGAR,2004,Rabi       ,Gram
Gujarat,SURENDRANAGAR,2004,Rabi       ,Jowar
Gujarat,SURENDRANAGAR,2004,Rabi       ,Other Cereals & Millets
Gujarat,SURENDRANAGAR,2004,Rabi       ,Rapeseed &Mustard
Gujarat,SURENDRANAGAR,2004,Rabi       ,Small millets
Gujarat,SURENDRANAGAR,2004,Rabi       ,Wheat
Gujarat,SURENDRANAGAR,2005,Rabi       ,Gram
Gujarat,SURENDRANAGAR,2005,Rabi       ,Jowar
Gujarat,SURENDRANAGAR,2005,Rabi       ,Other Cereals & Millets
Gujarat,SURENDRANAGAR,2005,Rabi       ,Rapeseed &Mustard
Gujarat,SURENDRANAGAR,2005,Rabi       ,Wheat
Gujarat,SURENDRANAGAR,2006,Rabi       ,Gram
Gujarat,SURENDRANAGAR,2006,Rabi       ,Rapeseed &Mustard
Gujarat,SURENDRANAGAR,2006,Rabi       ,Wheat
Gujarat,SURENDRANAGAR,2007,Rabi       ,Gram
Gujarat,SURENDRANAGAR,2007,Rabi       ,Rapeseed &Mustard
Gujarat,SURENDRANAGAR,2007,Rabi       ,Wheat
Gujarat,SURENDRANAGAR,2008,Rabi       ,Gram
Gujarat,SURENDRANAGAR,2008,Rabi       ,Jowar
Gujarat,SURENDRANAGAR,2008,Rabi       ,Onion
Gujarat,SURENDRANAGAR,2008,Rabi       ,Rapeseed &Mustard
Gujarat,SURENDRANAGAR,2008,Rabi       ,Wheat
Gujarat,SURENDRANAGAR,2009,Rabi       ,Gram
Gujarat,SURENDRANAGAR,2009,Rabi       ,Onion
Gujarat,SURENDRANAGAR,2009,Rabi       ,Rapeseed &Mustard
Gujarat,SURENDRANAGAR,2009,Rabi       ,Wheat
Gujarat,SURENDRANAGAR,2010,Rabi       ,Gram
Gujarat,SURENDRANAGAR,2010,Rabi       ,Jowar
Gujarat,SURENDRANAGAR,2010,Rabi       ,Rapeseed &Mustard
Gujarat,SURENDRANAGAR,2010,Rabi       ,Wheat
Gujarat,SURENDRANAGAR,2011,Rabi       ,Gram
Gujarat,SURENDRANAGAR,2011,Rabi       ,Jowar
Gujarat,SURENDRANAGAR,2011,Rabi       ,Onion
Gujarat,SURENDRANAGAR,2011,Rabi       ,Rapeseed &Mustard
Gujarat,SURENDRANAGAR,2011,Rabi       ,Wheat
Gujarat,SURENDRANAGAR,2012,Rabi       ,Gram
Gujarat,SURENDRANAGAR,2012,Rabi       ,Jowar
Gujarat,SURENDRANAGAR,2012,Rabi       ,Onion
Gujarat,SURENDRANAGAR,2012,Rabi       ,Other  Rabi pulses
Gujarat,SURENDRANAGAR,2012,Rabi       ,Other Cereals & Millets
Gujarat,SURENDRANAGAR,2012,Rabi       ,Rapeseed &Mustard
Gujarat,SURENDRANAGAR,2012,Rabi       ,Wheat
Gujarat,TAPI,2008,Rabi       ,Gram
Gujarat,TAPI,2008,Rabi       ,Jowar
Gujarat,TAPI,2008,Rabi       ,Other  Rabi pulses
Gujarat,TAPI,2008,Rabi       ,Other Cereals & Millets
Gujarat,TAPI,2008,Rabi       ,Wheat
Gujarat,TAPI,2009,Rabi       ,Gram
Gujarat,TAPI,2009,Rabi       ,Jowar
Gujarat,TAPI,2009,Rabi       ,Other  Rabi pulses
Gujarat,TAPI,2009,Rabi       ,Wheat
Gujarat,TAPI,2010,Rabi       ,Gram
Gujarat,TAPI,2010,Rabi       ,Jowar
Gujarat,TAPI,2010,Rabi       ,Other  Rabi pulses
Gujarat,TAPI,2010,Rabi       ,Wheat
Gujarat,TAPI,2011,Rabi       ,Gram
Gujarat,TAPI,2011,Rabi       ,Jowar
Gujarat,TAPI,2011,Rabi       ,Maize
Gujarat,TAPI,2011,Rabi       ,Onion
Gujarat,TAPI,2011,Rabi       ,Other  Rabi pulses
Gujarat,TAPI,2011,Rabi       ,Wheat
Gujarat,TAPI,2012,Rabi       ,Gram
Gujarat,TAPI,2012,Rabi       ,Jowar
Gujarat,TAPI,2012,Rabi       ,Other  Rabi pulses
Gujarat,TAPI,2012,Rabi       ,Wheat
Gujarat,VADODARA,1997,Rabi       ,Gram
Gujarat,VADODARA,1997,Rabi       ,Jowar
Gujarat,VADODARA,1997,Rabi       ,Other  Rabi pulses
Gujarat,VADODARA,1997,Rabi       ,Rapeseed &Mustard
Gujarat,VADODARA,1997,Rabi       ,Wheat
Gujarat,VADODARA,1998,Rabi       ,Gram
Gujarat,VADODARA,1998,Rabi       ,Jowar
Gujarat,VADODARA,1998,Rabi       ,Other  Rabi pulses
Gujarat,VADODARA,1998,Rabi       ,Rapeseed &Mustard
Gujarat,VADODARA,1998,Rabi       ,Small millets
Gujarat,VADODARA,1998,Rabi       ,Wheat
Gujarat,VADODARA,1999,Rabi       ,Gram
Gujarat,VADODARA,1999,Rabi       ,Jowar
Gujarat,VADODARA,1999,Rabi       ,Other  Rabi pulses
Gujarat,VADODARA,1999,Rabi       ,Rapeseed &Mustard
Gujarat,VADODARA,1999,Rabi       ,Small millets
Gujarat,VADODARA,1999,Rabi       ,Wheat
Gujarat,VADODARA,2000,Rabi       ,Gram
Gujarat,VADODARA,2000,Rabi       ,Jowar
Gujarat,VADODARA,2000,Rabi       ,Other  Rabi pulses
Gujarat,VADODARA,2000,Rabi       ,Rapeseed &Mustard
Gujarat,VADODARA,2000,Rabi       ,Wheat
Gujarat,VADODARA,2001,Rabi       ,Gram
Gujarat,VADODARA,2001,Rabi       ,Jowar
Gujarat,VADODARA,2001,Rabi       ,Rapeseed &Mustard
Gujarat,VADODARA,2001,Rabi       ,Wheat
Gujarat,VADODARA,2002,Rabi       ,Gram
Gujarat,VADODARA,2002,Rabi       ,Jowar
Gujarat,VADODARA,2002,Rabi       ,Rapeseed &Mustard
Gujarat,VADODARA,2002,Rabi       ,Wheat
Gujarat,VADODARA,2003,Rabi       ,Gram
Gujarat,VADODARA,2003,Rabi       ,Jowar
Gujarat,VADODARA,2003,Rabi       ,Other  Rabi pulses
Gujarat,VADODARA,2003,Rabi       ,Rapeseed &Mustard
Gujarat,VADODARA,2003,Rabi       ,Small millets
Gujarat,VADODARA,2003,Rabi       ,Wheat
Gujarat,VADODARA,2004,Rabi       ,Gram
Gujarat,VADODARA,2004,Rabi       ,Jowar
Gujarat,VADODARA,2004,Rabi       ,Other Cereals & Millets
Gujarat,VADODARA,2004,Rabi       ,Rapeseed &Mustard
Gujarat,VADODARA,2004,Rabi       ,Small millets
Gujarat,VADODARA,2004,Rabi       ,Wheat
Gujarat,VADODARA,2005,Rabi       ,Gram
Gujarat,VADODARA,2005,Rabi       ,Jowar
Gujarat,VADODARA,2005,Rabi       ,Other  Rabi pulses
Gujarat,VADODARA,2005,Rabi       ,Other Cereals & Millets
Gujarat,VADODARA,2005,Rabi       ,Rapeseed &Mustard
Gujarat,VADODARA,2005,Rabi       ,Wheat
Gujarat,VADODARA,2006,Rabi       ,Gram
Gujarat,VADODARA,2006,Rabi       ,Jowar
Gujarat,VADODARA,2006,Rabi       ,Other  Rabi pulses
Gujarat,VADODARA,2006,Rabi       ,Other Cereals & Millets
Gujarat,VADODARA,2006,Rabi       ,Rapeseed &Mustard
Gujarat,VADODARA,2006,Rabi       ,Wheat
Gujarat,VADODARA,2007,Rabi       ,Gram
Gujarat,VADODARA,2007,Rabi       ,Jowar
Gujarat,VADODARA,2007,Rabi       ,Other  Rabi pulses
Gujarat,VADODARA,2007,Rabi       ,Other Cereals & Millets
Gujarat,VADODARA,2007,Rabi       ,Rapeseed &Mustard
Gujarat,VADODARA,2007,Rabi       ,Wheat
Gujarat,VADODARA,2008,Rabi       ,Gram
Gujarat,VADODARA,2008,Rabi       ,Jowar
Gujarat,VADODARA,2008,Rabi       ,Onion
Gujarat,VADODARA,2008,Rabi       ,Other  Rabi pulses
Gujarat,VADODARA,2008,Rabi       ,Other Cereals & Millets
Gujarat,VADODARA,2008,Rabi       ,Rapeseed &Mustard
Gujarat,VADODARA,2008,Rabi       ,Wheat
Gujarat,VADODARA,2009,Rabi       ,Gram
Gujarat,VADODARA,2009,Rabi       ,Jowar
Gujarat,VADODARA,2009,Rabi       ,Onion
Gujarat,VADODARA,2009,Rabi       ,Rapeseed &Mustard
Gujarat,VADODARA,2009,Rabi       ,Tobacco
Gujarat,VADODARA,2009,Rabi       ,Wheat
Gujarat,VADODARA,2010,Rabi       ,Gram
Gujarat,VADODARA,2010,Rabi       ,Jowar
Gujarat,VADODARA,2010,Rabi       ,Maize
Gujarat,VADODARA,2010,Rabi       ,Rapeseed &Mustard
Gujarat,VADODARA,2010,Rabi       ,Wheat
Gujarat,VADODARA,2011,Rabi       ,Gram
Gujarat,VADODARA,2011,Rabi       ,Jowar
Gujarat,VADODARA,2011,Rabi       ,Maize
Gujarat,VADODARA,2011,Rabi       ,Onion
Gujarat,VADODARA,2011,Rabi       ,Other  Rabi pulses
Gujarat,VADODARA,2011,Rabi       ,Other Cereals & Millets
Gujarat,VADODARA,2011,Rabi       ,Rapeseed &Mustard
Gujarat,VADODARA,2011,Rabi       ,Wheat
Gujarat,VADODARA,2012,Rabi       ,Gram
Gujarat,VADODARA,2012,Rabi       ,Jowar
Gujarat,VADODARA,2012,Rabi       ,Maize
Gujarat,VADODARA,2012,Rabi       ,Onion
Gujarat,VADODARA,2012,Rabi       ,Other  Rabi pulses
Gujarat,VADODARA,2012,Rabi       ,Other Cereals & Millets
Gujarat,VADODARA,2012,Rabi       ,Rapeseed &Mustard
Gujarat,VADODARA,2012,Rabi       ,Wheat
Gujarat,VALSAD,1997,Rabi       ,Gram
Gujarat,VALSAD,1997,Rabi       ,Jowar
Gujarat,VALSAD,1997,Rabi       ,Other  Rabi pulses
Gujarat,VALSAD,1997,Rabi       ,Wheat
Gujarat,VALSAD,1998,Rabi       ,Gram
Gujarat,VALSAD,1998,Rabi       ,Jowar
Gujarat,VALSAD,1998,Rabi       ,Other  Rabi pulses
Gujarat,VALSAD,1998,Rabi       ,Wheat
Gujarat,VALSAD,1999,Rabi       ,Gram
Gujarat,VALSAD,1999,Rabi       ,Jowar
Gujarat,VALSAD,1999,Rabi       ,Other  Rabi pulses
Gujarat,VALSAD,1999,Rabi       ,Wheat
Gujarat,VALSAD,2000,Rabi       ,Gram
Gujarat,VALSAD,2000,Rabi       ,Jowar
Gujarat,VALSAD,2000,Rabi       ,Other  Rabi pulses
Gujarat,VALSAD,2000,Rabi       ,Wheat
Gujarat,VALSAD,2001,Rabi       ,Gram
Gujarat,VALSAD,2001,Rabi       ,Jowar
Gujarat,VALSAD,2001,Rabi       ,Other  Rabi pulses
Gujarat,VALSAD,2001,Rabi       ,Small millets
Gujarat,VALSAD,2001,Rabi       ,Wheat
Gujarat,VALSAD,2002,Rabi       ,Gram
Gujarat,VALSAD,2002,Rabi       ,Jowar
Gujarat,VALSAD,2002,Rabi       ,Other  Rabi pulses
Gujarat,VALSAD,2002,Rabi       ,Wheat
Gujarat,VALSAD,2003,Rabi       ,Gram
Gujarat,VALSAD,2003,Rabi       ,Other  Rabi pulses
Gujarat,VALSAD,2003,Rabi       ,Wheat
Gujarat,VALSAD,2004,Rabi       ,Gram
Gujarat,VALSAD,2004,Rabi       ,Wheat
Gujarat,VALSAD,2005,Rabi       ,Gram
Gujarat,VALSAD,2005,Rabi       ,Other  Rabi pulses
Gujarat,VALSAD,2005,Rabi       ,Wheat
Gujarat,VALSAD,2006,Rabi       ,Gram
Gujarat,VALSAD,2006,Rabi       ,Other  Rabi pulses
Gujarat,VALSAD,2006,Rabi       ,Wheat
Gujarat,VALSAD,2007,Rabi       ,Gram
Gujarat,VALSAD,2007,Rabi       ,Other  Rabi pulses
Gujarat,VALSAD,2007,Rabi       ,Wheat
Gujarat,VALSAD,2008,Rabi       ,Gram
Gujarat,VALSAD,2008,Rabi       ,Jowar
Gujarat,VALSAD,2008,Rabi       ,Other  Rabi pulses
Gujarat,VALSAD,2008,Rabi       ,Wheat
Gujarat,VALSAD,2009,Rabi       ,Gram
Gujarat,VALSAD,2009,Rabi       ,Other  Rabi pulses
Gujarat,VALSAD,2009,Rabi       ,Wheat
Gujarat,VALSAD,2010,Rabi       ,Gram
Gujarat,VALSAD,2010,Rabi       ,Jowar
Gujarat,VALSAD,2010,Rabi       ,Other  Rabi pulses
Gujarat,VALSAD,2010,Rabi       ,Other Cereals & Millets
Gujarat,VALSAD,2011,Rabi       ,Gram
Gujarat,VALSAD,2011,Rabi       ,Jowar
Gujarat,VALSAD,2011,Rabi       ,Onion
Gujarat,VALSAD,2011,Rabi       ,Other  Rabi pulses
Gujarat,VALSAD,2011,Rabi       ,Other Cereals & Millets
Gujarat,VALSAD,2011,Rabi       ,Wheat
Gujarat,VALSAD,2012,Rabi       ,Gram
Gujarat,VALSAD,2012,Rabi       ,Other  Rabi pulses
